,id,technique,title,upload_date,duration,view_count,like_count,dislike_count,comment_count,webpage_url,channel_url,Scales,Arpeggios,Ornaments,Repeatednotes,Doublenotes,Octave,Staccato,split,audio_path,Q,A
154,v72Hi1TIAFQ,Scales,ÊãúÂéÑÈí¢Áê¥Âü∫Á°ÄÊïôÁ®ã Beyer  Scale in C major  C Â§ßË∞ÉÈü≥Èò∂,20221128.0,41.0,179.0,8.0,,,https://www.youtube.com/watch?v=v72Hi1TIAFQ,https://www.youtube.com/channel/UCIWgLXbZZgMgNGeQbQqkpRA,1,0,0,0,0,0,0,train,/data/scratch/acw630/PianoJudge/techniques/v72Hi1TIAFQ.wav,What is the primary piano technique used in this track?,Scales
215,Doublenotes_6,Doublenotes,Doublenotes_6.wav,,30.67734693877551,,,,,,,0,0,0,0,1,0,0,train,/data/scratch/acw630/PianoJudge/techniques/Doublenotes_6.wav,What is the primary piano technique used in this track?,Doublenotes
15,7sdmulntks4,Arpeggios,Èí¢Áê¥ÈÄüÊàêÊïôÁ®ã Á¨¨ÂçÅËØæÔºöÂºπÁê∂Èü≥Â•èÊ≥ï,20130829.0,79.0,43338.0,181.0,,4.0,https://www.youtube.com/watch?v=7sdmulntks4,https://www.youtube.com/channel/UCmubt_IUS3usW59oU6PbrSg,0,1,0,0,0,0,0,train,/data/scratch/acw630/PianoJudge/techniques/7sdmulntks4.wav,What is the primary piano technique used in this track?,Arpeggios
173,9pmAuRz7AjE_cut,Staccato,"Burgm√ºller: The Hunt, Op. 100 No. 9 | Cory Hall, pianist-composer",20130703.0,72.0,70240.0,673.0,,55.0,https://www.youtube.com/watch?v=9pmAuRz7AjE,https://www.youtube.com/channel/UCuHRjYQVbZ1r48LL8MODEtw,0,0,0,0,0,0,1,train,/data/scratch/acw630/PianoJudge/techniques/9pmAuRz7AjE_cut.wav,What is the most prominent piano technique employed in this track?,Staccato
158,FEjU3QR3Sds,Scales,G- Melodic (hands together) #GMinorMelodic #pianoscales #gminor #shorts #shortstrending #shortvideo,20240130.0,19.0,137.0,2.0,,0.0,https://www.youtube.com/watch?v=FEjU3QR3Sds,https://www.youtube.com/channel/UCkdJNU5qf-10UM4QjQWoIXA,1,0,0,0,0,0,0,train,/data/scratch/acw630/PianoJudge/techniques/FEjU3QR3Sds.wav,What is the most prominent piano technique employed in this track?,Scales
125,3XcgoAl5WvI_cut,Repeatednotes,Repeated Notes at the Piano,,28.0,,,,,,,0,0,0,1,0,0,0,train,/data/scratch/acw630/PianoJudge/techniques/3XcgoAl5WvI_cut.wav,What is the primary piano technique used in this track?,Repeatednotes
97,JRiumYw-buA_cut4,Repeatednotes|Staccato,Scarlatti - Selected Sonatas (Pletnev),20180709.0,2277.0,274213.0,3994.0,,148.0,https://www.youtube.com/watch?v=JRiumYw-buA,https://www.youtube.com/channel/UCn8_44BnszBokQ8LOc8WlMA,0,0,0,1,0,0,1,train,/data/scratch/acw630/PianoJudge/techniques/JRiumYw-buA_cut4.wav,What is the most prominent piano technique employed in this track?,Repeatednotes
25,sxlXBMYkbkQ,Arpeggios,Áê∂Èü≥ËÆäÂ•èÊõ≤ÔΩûÂ©ïÂÆâÁ¥çÔΩûÂ∫≠ÁëúÔΩû110/12/12ÈãºÁê¥ÊºîÂ•è,20211212.0,53.0,45.0,0.0,,0.0,https://www.youtube.com/watch?v=sxlXBMYkbkQ,https://www.youtube.com/channel/UCzWtHHaZEJVaCLs0EDt0HtQ,0,1,0,0,0,0,0,train,/data/scratch/acw630/PianoJudge/techniques/sxlXBMYkbkQ.wav,What is the primary piano technique used in this track?,Arpeggios
60,VZiM-rLNUos_cut,Octave,"Vanessa Wagner plays Philip Glass ""Etude n¬∞9"" (piano solo) HD",20190622.0,143.0,7528.0,149.0,,4.0,https://www.youtube.com/watch?v=VZiM-rLNUos,https://www.youtube.com/channel/UCKN3o7bXVPlPkrSeRjTHQIA,0,0,0,0,0,1,0,train,/data/scratch/acw630/PianoJudge/techniques/VZiM-rLNUos_cut.wav,Which piano technique stands out the most in this composition?,Octave
68,X9RX0Du0X_w,Octave,Octave scale slow practice #shorts @minoracademy,20221118.0,24.0,26.0,4.0,,0.0,https://www.youtube.com/watch?v=X9RX0Du0X_w,https://www.youtube.com/channel/UCIfbBxLO7MPlXv1s60TAhoA,0,0,0,0,0,1,0,train,/data/scratch/acw630/PianoJudge/techniques/X9RX0Du0X_w.wav,What piano technique is most noticeable?,Octave
126,fjkKhLkyIMo,Scales,Beyer Op.101; No.109ÔºõElementary Method for the Piano,20201120.0,128.0,253.0,3.0,,0.0,https://www.youtube.com/watch?v=fjkKhLkyIMo,https://www.youtube.com/channel/UChQGlAB7klnGt749PaS7tww,1,0,0,0,0,0,0,train,/data/scratch/acw630/PianoJudge/techniques/fjkKhLkyIMo.wav,What piano technique is most noticeable?,Scales
163,uDZdMMWyxtM,Scales,Scale Á§∫ÁØÑ,20130525.0,41.0,448.0,0.0,,0.0,https://www.youtube.com/watch?v=uDZdMMWyxtM,https://www.youtube.com/channel/UCaoUg6bLUqQ89UVnxCjeZJg,1,0,0,0,0,0,0,train,/data/scratch/acw630/PianoJudge/techniques/uDZdMMWyxtM.wav,What piano technique is most noticeable?,Scales
142,6VQ1wr28kik_cut,Scales,"Week Four: Scales and Hanon Exercise No. 1 (A Major, rhythmic accents) [62 bpm]",20201008.0,572.0,22.0,1.0,,0.0,https://www.youtube.com/watch?v=6VQ1wr28kik,https://www.youtube.com/channel/UCNrfNue6QWutjqgc2dzOL1Q,1,0,0,0,0,0,0,train,/data/scratch/acw630/PianoJudge/techniques/6VQ1wr28kik_cut.wav,What is the primary piano technique used in this track?,Scales
115,nIs3jechQ_E_cut,Repeatednotes|Octave|Staccato,Gy√∂rgy Ligeti - Musica Ricercata [1/11],20110726.0,160.0,1174574.0,9803.0,,624.0,https://www.youtube.com/watch?v=nIs3jechQ_E,https://www.youtube.com/channel/UCajumbCDJv6mBoVysAcUaJA,0,0,0,1,0,1,1,train,/data/scratch/acw630/PianoJudge/techniques/nIs3jechQ_E_cut.wav,Which piano technique stands out the most in this composition?,Repeatednotes
45,MwJ8MV26eZs,Doublenotes,ÊãúÂéÑÈí¢Áê¥Âü∫Á°ÄÊïôÁ®ã No97,20171202.0,37.0,2226.0,12.0,,1.0,https://www.youtube.com/watch?v=MwJ8MV26eZs,https://www.youtube.com/channel/UCDxpW90bwh941_tu5_RojRQ,0,0,0,0,1,0,0,train,/data/scratch/acw630/PianoJudge/techniques/MwJ8MV26eZs.wav,What is the most prominent piano technique employed in this track?,Doublenotes
9,71qZ-BnhenI,Arpeggios,Czerny Etude n¬∞30 op 299,20150425.0,63.0,1133.0,19.0,,1.0,https://www.youtube.com/watch?v=71qZ-BnhenI,https://www.youtube.com/channel/UCcpjY-kCFFlRtyhRFAgvdPQ,0,1,0,0,0,0,0,train,/data/scratch/acw630/PianoJudge/techniques/71qZ-BnhenI.wav,Can you identify the dominant piano technique in this track?,Arpeggios
100,uLa3OowW05o,Ornaments|Repeatednotes|Staccato,The Cleanest Ornaments I've Ever Heard (Transcribed),20220127.0,26.0,261276.0,10160.0,,280.0,https://www.youtube.com/watch?v=uLa3OowW05o,https://www.youtube.com/channel/UCD2rzhVnf_zRPgpLjae0POQ,0,0,1,1,0,0,1,train,/data/scratch/acw630/PianoJudge/techniques/uLa3OowW05o.wav,Can you identify the dominant piano technique in this track?,Ornaments
96,JRiumYw-buA_cut3,Ornaments|Staccato,Scarlatti - Selected Sonatas (Pletnev),20180709.0,2277.0,274213.0,3994.0,,148.0,https://www.youtube.com/watch?v=JRiumYw-buA,https://www.youtube.com/channel/UCn8_44BnszBokQ8LOc8WlMA,0,0,1,0,0,0,1,train,/data/scratch/acw630/PianoJudge/techniques/JRiumYw-buA_cut3.wav,Which piano technique stands out the most in this composition?,Ornaments
18,hkgt_NcQF6s,Arpeggios,Advanced Arpeggio Exercise: Demonstration  ÈÄ≤ÈöéÁê∂Èü≥Á∑¥Áøí: Á§∫ÁØÑ,20140228.0,85.0,2032.0,12.0,,,https://www.youtube.com/watch?v=hkgt_NcQF6s,https://www.youtube.com/channel/UCmsahNiREeL6c6aQV1uFHFQ,0,1,0,0,0,0,0,train,/data/scratch/acw630/PianoJudge/techniques/hkgt_NcQF6s.wav,What is the primary piano technique used in this track?,Arpeggios
176,YYE3N8sVzyQ,Staccato,"Etude in C Major, Op. 599 No. 57 by Carl Czerny - Magdalena Haubs",20210908.0,37.0,535.0,14.0,,0.0,https://www.youtube.com/watch?v=YYE3N8sVzyQ,https://www.youtube.com/channel/UCioKouJYJxLIr4bOvurvgpw,0,0,0,0,0,0,1,train,/data/scratch/acw630/PianoJudge/techniques/YYE3N8sVzyQ.wav,What piano technique is most noticeable?,Staccato
82,xXi3dl5R92c_cut3,Repeatednotes|Staccato,Mozart - Piano Sonata No.8 in A Minor - II. Andante cantabile [Sheet Music] (Piano Solo),20160122.0,645.0,55222.0,609.0,,33.0,https://www.youtube.com/watch?v=xXi3dl5R92c,https://www.youtube.com/channel/UCvvYVO8q5wF66DPaO2rW18Q,0,0,0,1,0,0,1,train,/data/scratch/acw630/PianoJudge/techniques/xXi3dl5R92c_cut3.wav,What is the most prominent piano technique employed in this track?,Repeatednotes
30,B4qtWa7uzqQ,Arpeggios,36 bBÂ§ßË∞ÉÁªÉ‰π†Êõ≤ Ë∑®Ë∂ä,20150520.0,57.0,369.0,0.0,,0.0,https://www.youtube.com/watch?v=B4qtWa7uzqQ,https://www.youtube.com/channel/UC36fRPbLVO2oQ-CxEgjTi_w,0,1,0,0,0,0,0,train,/data/scratch/acw630/PianoJudge/techniques/B4qtWa7uzqQ.wav,What is the most prominent piano technique employed in this track?,Arpeggios
190,Octave|Arpeggios_1,Octave|Arpeggios,Octave|Arpeggios_1.wav,,19.30666666666667,,,,,,,0,1,0,0,0,1,0,train,/data/scratch/acw630/PianoJudge/techniques/Octave|Arpeggios_1.wav,What piano technique is most noticeable?,Octave
66,rPeR98tXglE,Octave,2018.11.5ÂΩ•‰ºØÈãºÁê¥ÂΩàÂ•èÂÖ´Â∫¶Èü≥Â∑¶Âè≥Êâã‰∏âÂ∫¶Èü≥Á®ãÁ∑¥Áøí,20181119.0,34.0,574.0,2.0,,0.0,https://www.youtube.com/watch?v=rPeR98tXglE,https://www.youtube.com/channel/UCEHsqPvHFIW7ZQaWYjajCQg,0,0,0,0,0,1,0,train,/data/scratch/acw630/PianoJudge/techniques/rPeR98tXglE.wav,What piano technique is most noticeable?,Octave
111,SCKDG7w2S9c_cut,Repeatednotes|Staccato,"Ravel - Miroirs No. 4, ""Alborada del Gracioso"" Sheet Music + Audio",20100828.0,398.0,691568.0,5362.0,,0.0,https://www.youtube.com/watch?v=SCKDG7w2S9c,https://www.youtube.com/channel/UCZzz6USh6Fq07iZDFpDWE5A,0,0,0,1,0,0,1,train,/data/scratch/acw630/PianoJudge/techniques/SCKDG7w2S9c_cut.wav,What is the most prominent piano technique employed in this track?,Repeatednotes
55,AL4ni6-T8Ys,Doublenotes|Staccato,"Czerny - The Art of Finger Dexterity Op.740, Book I - No.30",20210402.0,120.0,637.0,11.0,,12.0,https://www.youtube.com/watch?v=AL4ni6-T8Ys,https://www.youtube.com/channel/UCTrb6qcYgOjj2Wh-9iQnmsQ,0,0,0,0,1,0,1,train,/data/scratch/acw630/PianoJudge/techniques/AL4ni6-T8Ys.wav,Which piano technique stands out the most in this composition?,Doublenotes
67,XZO03W_6I6A,Octave|Staccato,Franz Liszt: La Campanella (Grandes Etudes de Paganini),20200526.0,42.0,328483.0,21707.0,,658.0,https://www.youtube.com/watch?v=XZO03W_6I6A,https://www.youtube.com/channel/UCtlx_VQMBF0-gS5n5BRD_nw,0,0,0,0,0,1,1,train,/data/scratch/acw630/PianoJudge/techniques/XZO03W_6I6A.wav,What is the most prominent piano technique employed in this track?,Octave
170,MvuVChCz2Gk,Scales,#warmups #warmingup #forthepiano #pianotime #scalesarefuntoplay #piano #marilyn #funtimes #musiclove,20231030.0,10.0,23.0,5.0,,2.0,https://www.youtube.com/watch?v=MvuVChCz2Gk,https://www.youtube.com/channel/UCkdJNU5qf-10UM4QjQWoIXA,1,0,0,0,0,0,0,train,/data/scratch/acw630/PianoJudge/techniques/MvuVChCz2Gk.wav,Can you identify the dominant piano technique in this track?,Scales
118,F_8IyBlViQ8_cut,Repeatednotes|Staccato,"Burgm√ºller: The Chatterbox, Op. 100 No. 17 | Cory Hall, pianist-composer",20130703.0,63.0,52660.0,432.0,,18.0,https://www.youtube.com/watch?v=F_8IyBlViQ8,https://www.youtube.com/channel/UCuHRjYQVbZ1r48LL8MODEtw,0,0,0,1,0,0,1,train,/data/scratch/acw630/PianoJudge/techniques/F_8IyBlViQ8_cut.wav,Can you identify the dominant piano technique in this track?,Repeatednotes
69,8ANOtyAvdTU,Octave|Scales,Scales in broken octaves - d minor (ÂàÜÊï£ÂÖ´Â∫¶Èü≥Èöé - DÂ∞èË™ø),20231207.0,56.0,56.0,1.0,,0.0,https://www.youtube.com/watch?v=8ANOtyAvdTU,https://www.youtube.com/channel/UCHnp2zMd9K6Flh012MP6EDA,1,0,0,0,0,1,0,train,/data/scratch/acw630/PianoJudge/techniques/8ANOtyAvdTU.wav,Which piano technique stands out the most in this composition?,Octave
93,lXmjEkx4yjM_cut,Ornaments|Staccato,scarlatti sonata E major K20 - L375,20110321.0,212.0,62715.0,380.0,,22.0,https://www.youtube.com/watch?v=lXmjEkx4yjM,https://www.youtube.com/channel/UCx5HbfNJV2LZwXSbzXrxHaw,0,0,1,0,0,0,1,train,/data/scratch/acw630/PianoJudge/techniques/lXmjEkx4yjM_cut.wav,What is the primary piano technique used in this track?,Ornaments
16,BiL7YPcezpU,Arpeggios,G Minor Triads (hands separate) #gminor #triads #scales #pianopractice #pianotime #practicingscales,20240203.0,22.0,16.0,2.0,,1.0,https://www.youtube.com/watch?v=BiL7YPcezpU,https://www.youtube.com/channel/UCkdJNU5qf-10UM4QjQWoIXA,0,1,0,0,0,0,0,train,/data/scratch/acw630/PianoJudge/techniques/BiL7YPcezpU.wav,Can you identify the dominant piano technique in this track?,Arpeggios
109,PAKtfkh0C1M_cut7,Repeatednotes,Great Pianists' Technique: Repeated Notes,20110829.0,924.0,97505.0,763.0,,77.0,https://www.youtube.com/watch?v=PAKtfkh0C1M,https://www.youtube.com/channel/UCOMf9cfYumvUhav6gzL4ERg,0,0,0,1,0,0,0,train,/data/scratch/acw630/PianoJudge/techniques/PAKtfkh0C1M_cut7.wav,What piano technique is most noticeable?,Repeatednotes
155,GTEQhRwGwEI,Scales,ÈôçBÂ§ßË™øÈü≥Èöé  Ê≤≥ÂêàÊãúÁàæ‰∏ãÂÜä,20211005.0,18.0,623.0,3.0,,0.0,https://www.youtube.com/watch?v=GTEQhRwGwEI,https://www.youtube.com/channel/UCAJ8qdINIVVOwNAcHRp6T6Q,1,0,0,0,0,0,0,train,/data/scratch/acw630/PianoJudge/techniques/GTEQhRwGwEI.wav,Can you identify the dominant piano technique in this track?,Scales
112,yWFzqMZvLYQ,Repeatednotes,"Carl Czerny, Op. 599, No. 68",20171221.0,40.0,3134.0,66.0,,,https://www.youtube.com/watch?v=yWFzqMZvLYQ,https://www.youtube.com/channel/UCK7oVRlHAcQVFQd6cMNvQOg,0,0,0,1,0,0,0,train,/data/scratch/acw630/PianoJudge/techniques/yWFzqMZvLYQ.wav,Which piano technique stands out the most in this composition?,Repeatednotes
143,b1GU9fpks4M,Scales,ËßÜÈ¢ë: ‰∏äÈü≥ËÄÉÁ∫ß8Á∫ßÈü≥Èò∂,20130707.0,32.0,286.0,0.0,,0.0,https://www.youtube.com/watch?v=b1GU9fpks4M,https://www.youtube.com/channel/UCmdLmFfyrR0_BRGC_BonNJQ,1,0,0,0,0,0,0,train,/data/scratch/acw630/PianoJudge/techniques/b1GU9fpks4M.wav,What is the primary piano technique used in this track?,Scales
197,Octave_3,Octave,Octave_3.wav,,20.224013605442178,,,,,,,0,0,0,0,0,1,0,train,/data/scratch/acw630/PianoJudge/techniques/Octave_3.wav,Which piano technique stands out the most in this composition?,Octave
211,Repeatednotes_ravel_2,Repeatednotes,Repeatednotes_ravel_2.wav,,21.78133786848073,,,,,,,0,0,0,1,0,0,0,train,/data/scratch/acw630/PianoJudge/techniques/Repeatednotes_ravel_2.wav,Can you identify the dominant piano technique in this track?,Repeatednotes
79,Nw1BAqrKvjM,Ornaments,"Carl Czerny, Op 777, 22",20120504.0,30.0,8117.0,43.0,,0.0,https://www.youtube.com/watch?v=Nw1BAqrKvjM,https://www.youtube.com/channel/UCsSOLdpj2noIe2ckspOg50g,0,0,1,0,0,0,0,train,/data/scratch/acw630/PianoJudge/techniques/Nw1BAqrKvjM.wav,Which piano technique stands out the most in this composition?,Ornaments
139,qJ0KorNJHmI,Scales,PianoÔºöCÂ§ßË∞ÉÈü≥Èò∂ÔºõGÂ§ßË∞ÉÈü≥Èò∂,20200924.0,70.0,160.0,3.0,,0.0,https://www.youtube.com/watch?v=qJ0KorNJHmI,https://www.youtube.com/channel/UChQGlAB7klnGt749PaS7tww,1,0,0,0,0,0,0,train,/data/scratch/acw630/PianoJudge/techniques/qJ0KorNJHmI.wav,What is the primary piano technique used in this track?,Scales
140,rqnUhZLlgsU,Scales,ÂÆóÈÅ†ÔºöÈãºÁê¥ÊäÄÂ∑ß„ÄåÂçäÈü≥Èöé„Äç,20190518.0,15.0,51.0,1.0,,0.0,https://www.youtube.com/watch?v=rqnUhZLlgsU,https://www.youtube.com/channel/UCKd5BBYXDC-tj_m7aWsU7Mg,1,0,0,0,0,0,0,train,/data/scratch/acw630/PianoJudge/techniques/rqnUhZLlgsU.wav,Can you identify the dominant piano technique in this track?,Scales
119,pJ5UmwxdaEM,Repeatednotes,Â§ßÊØõ-„ÄäÈü≥ÈöéÊ≠å„ÄãÈãºÁê¥ÂΩàÂ•è,20141203.0,27.0,272.0,1.0,,,https://www.youtube.com/watch?v=pJ5UmwxdaEM,https://www.youtube.com/channel/UCiRk9MGwW--RDRAjijaW_Fg,0,0,0,1,0,0,0,train,/data/scratch/acw630/PianoJudge/techniques/pJ5UmwxdaEM.wav,Can you identify the dominant piano technique in this track?,Repeatednotes
219,Octave_franck_1,Octave,Octave_franck_1.wav,,44.074671201814056,,,,,,,0,0,0,0,0,1,0,train,/data/scratch/acw630/PianoJudge/techniques/Octave_franck_1.wav,Which piano technique stands out the most in this composition?,Octave
84,xXi3dl5R92c_cut5,Ornaments,Mozart - Piano Sonata No.8 in A Minor - II. Andante cantabile [Sheet Music] (Piano Solo),20160122.0,645.0,55222.0,609.0,,33.0,https://www.youtube.com/watch?v=xXi3dl5R92c,https://www.youtube.com/channel/UCvvYVO8q5wF66DPaO2rW18Q,0,0,1,0,0,0,0,train,/data/scratch/acw630/PianoJudge/techniques/xXi3dl5R92c_cut5.wav,Can you identify the dominant piano technique in this track?,Ornaments
124,_lW2AXcugp4,Repeatednotes,Recuerdos de la Alhambra - Francisco T√°rrega - PIANO SOLO P. Barton,20150815.0,244.0,249543.0,5586.0,,292.0,https://www.youtube.com/watch?v=_lW2AXcugp4,https://www.youtube.com/channel/UC-4HMv1j00QTebcFg4mV2DQ,0,0,0,1,0,0,0,train,/data/scratch/acw630/PianoJudge/techniques/_lW2AXcugp4.wav,Can you identify the dominant piano technique in this track?,Repeatednotes
73,M1dGRk9lYl4,Octave,ÁÜüÁªÉÁöÑÂÖ´Â∫¶ÂºπÂ•èÁªÉ‰π†,20210409.0,132.0,46.0,0.0,,,https://www.youtube.com/watch?v=M1dGRk9lYl4,https://www.youtube.com/channel/UC6rDI8qJ6xWBbe-LHKQbt8A,0,0,0,0,0,1,0,train,/data/scratch/acw630/PianoJudge/techniques/M1dGRk9lYl4.wav,Which piano technique stands out the most in this composition?,Octave
150,ZNxCuihDFeU,Scales,2022.10.11ÂÆâÊ∑áÈãºÁê¥ÂΩàÂ•èÔºªFÂ§ßË™øÈü≥ÈöéÔºΩ,20221011.0,23.0,12.0,0.0,,,https://www.youtube.com/watch?v=ZNxCuihDFeU,https://www.youtube.com/channel/UCEHsqPvHFIW7ZQaWYjajCQg,1,0,0,0,0,0,0,train,/data/scratch/acw630/PianoJudge/techniques/ZNxCuihDFeU.wav,What is the primary piano technique used in this track?,Scales
95,JRiumYw-buA_cut2,Repeatednotes|Staccato,Scarlatti - Selected Sonatas (Pletnev),20180709.0,2277.0,274213.0,3994.0,,148.0,https://www.youtube.com/watch?v=JRiumYw-buA,https://www.youtube.com/channel/UCn8_44BnszBokQ8LOc8WlMA,0,0,0,1,0,0,1,train,/data/scratch/acw630/PianoJudge/techniques/JRiumYw-buA_cut2.wav,Can you identify the dominant piano technique in this track?,Repeatednotes
117,GJ4qCMacMlA_cut2,Repeatednotes,"Burgm√ºller: The Return, Op. 100 No. 23 | Cory Hall, pianist-composer",20130704.0,80.0,75094.0,817.0,,38.0,https://www.youtube.com/watch?v=GJ4qCMacMlA,https://www.youtube.com/channel/UCuHRjYQVbZ1r48LL8MODEtw,0,0,0,1,0,0,0,train,/data/scratch/acw630/PianoJudge/techniques/GJ4qCMacMlA_cut2.wav,What is the primary piano technique used in this track?,Repeatednotes
75,STy9GPeuNEY_cut,Ornaments,"Mendelssohn - Venetian Boat Song Op. 30, No. 6 - 28,600pts",20190420.0,202.0,75538.0,1249.0,,76.0,https://www.youtube.com/watch?v=STy9GPeuNEY,https://www.youtube.com/channel/UCkJdCeU3y3_IXVCrjUE2d4w,0,0,1,0,0,0,0,train,/data/scratch/acw630/PianoJudge/techniques/STy9GPeuNEY_cut.wav,Which piano technique stands out the most in this composition?,Ornaments
101,JQGCecX2d_Q_cut1,Ornaments|Staccato,scarlatti sonata A major K24 - L495,20110324.0,294.0,95449.0,643.0,,33.0,https://www.youtube.com/watch?v=JQGCecX2d_Q,https://www.youtube.com/channel/UCx5HbfNJV2LZwXSbzXrxHaw,0,0,1,0,0,0,1,train,/data/scratch/acw630/PianoJudge/techniques/JQGCecX2d_Q_cut1.wav,Which piano technique stands out the most in this composition?,Ornaments
146,5W-XBL5COxI,Scales,C major full scale. CÂ§ßË™øÂÖ®Èü≥Èöé | Piano dailyÈãºÁê¥Êó•Â∏∏ | 2022Âπ¥12Êúà21Êó•üé∂üéπüé∂Bruce Rains(Age 6),20221221.0,36.0,15.0,1.0,,1.0,https://www.youtube.com/watch?v=5W-XBL5COxI,https://www.youtube.com/channel/UC_Dtg0-AWsf08d4fThNae1g,1,0,0,0,0,0,0,train,/data/scratch/acw630/PianoJudge/techniques/5W-XBL5COxI.wav,What is the most prominent piano technique employed in this track?,Scales
141,2g_ddZ-IceU,Scales,ÊãúÂéÑ 65 CÂ§ßË∞ÉÈü≥Èò∂,20150505.0,69.0,376.0,2.0,,0.0,https://www.youtube.com/watch?v=2g_ddZ-IceU,https://www.youtube.com/channel/UC36fRPbLVO2oQ-CxEgjTi_w,1,0,0,0,0,0,0,train,/data/scratch/acw630/PianoJudge/techniques/2g_ddZ-IceU.wav,What piano technique is most noticeable?,Scales
38,6IgJQ5aUiRU,Doublenotes,ÊãúÂéÑÈí¢Áê¥Âü∫Á°ÄÊïôÁ®ã No67,20171201.0,22.0,3339.0,19.0,,1.0,https://www.youtube.com/watch?v=6IgJQ5aUiRU,https://www.youtube.com/channel/UCDxpW90bwh941_tu5_RojRQ,0,0,0,1,1,0,0,train,/data/scratch/acw630/PianoJudge/techniques/6IgJQ5aUiRU.wav,What piano technique is most noticeable?,Doublenotes
24,eme_SAE6rok,Arpeggios,Carl Czerny 50 Etude Op.740 No.46 - Francesco Libetta (in tempo),20200304.0,83.0,10113.0,124.0,,7.0,https://www.youtube.com/watch?v=eme_SAE6rok,https://www.youtube.com/channel/UC84dAlC7fM8Yc2ervk7qFew,0,1,0,0,0,0,0,train,/data/scratch/acw630/PianoJudge/techniques/eme_SAE6rok.wav,Can you identify the dominant piano technique in this track?,Arpeggios
180,_dRAAuYcKyw,Staccato|Repeatednotes,B√©la Bart√≥k - Mikrokosmos Book 5 - No. 124 - Staccato,20231222.0,65.0,51.0,3.0,,0.0,https://www.youtube.com/watch?v=_dRAAuYcKyw,https://www.youtube.com/channel/UCYMo7tAr2TkkvfR5f5Uyr3w,0,0,0,1,0,0,1,train,/data/scratch/acw630/PianoJudge/techniques/_dRAAuYcKyw.wav,What piano technique is most noticeable?,Staccato
181,Staccato_1,Staccato,Staccato_1.wav,,15.808004535147392,,,,,,,0,0,0,0,0,0,1,train,/data/scratch/acw630/PianoJudge/techniques/Staccato_1.wav,Can you identify the dominant piano technique in this track?,Staccato
195,Repeatednotes|Staccato,Repeatednotes|Staccato,Repeatednotes|Staccato.wav,,36.864013605442175,,,,,,,0,0,0,1,0,0,1,train,/data/scratch/acw630/PianoJudge/techniques/Repeatednotes|Staccato.wav,What is the most prominent piano technique employed in this track?,Repeatednotes
127,RwBVzJFW46Q,Scales,G- Harmonic #handstogether #scales #gminor #harmonic #pianotimeagain #Marilyn #piano #gminorscales,20240104.0,15.0,364.0,7.0,,2.0,https://www.youtube.com/watch?v=RwBVzJFW46Q,https://www.youtube.com/channel/UCkdJNU5qf-10UM4QjQWoIXA,1,0,0,0,0,0,0,train,/data/scratch/acw630/PianoJudge/techniques/RwBVzJFW46Q.wav,What piano technique is most noticeable?,Scales
29,BqiSIOFQSFk,Arpeggios,E+ Triad #scales #EMajorTriad #piano #pianotime #pianopractice #practicing #marilyn #autumn2023,20231118.0,24.0,75.0,4.0,,0.0,https://www.youtube.com/watch?v=BqiSIOFQSFk,https://www.youtube.com/channel/UCkdJNU5qf-10UM4QjQWoIXA,0,1,0,0,0,0,0,train,/data/scratch/acw630/PianoJudge/techniques/BqiSIOFQSFk.wav,Which piano technique stands out the most in this composition?,Arpeggios
19,DhfTJRkP1es,Arpeggios,BachÂ∑¥Ëµ´Â∞èÊ≠•ËàûÊõ≤ ÁªÉ‰π†ÂØÜÈõÜ‰ΩçÁΩÆÁöÑ‰∏âÂíåÂº¶Áê∂Èü≥,20200717.0,87.0,217.0,4.0,,,https://www.youtube.com/watch?v=DhfTJRkP1es,https://www.youtube.com/channel/UCBOVRjN_PXdRP-icT3R2oEA,0,1,0,0,0,0,0,train,/data/scratch/acw630/PianoJudge/techniques/DhfTJRkP1es.wav,What piano technique is most noticeable?,Arpeggios
164,2NofNw2QTAw,Scales,Èí¢Áê¥Âü∫Á°ÄÈü≥Èò∂ÔºöAÂ§ßË∞ÉÈü≥Èò∂ÔºõaÂ∞èË∞ÉÈü≥Èò∂,20201020.0,96.0,507.0,5.0,,0.0,https://www.youtube.com/watch?v=2NofNw2QTAw,https://www.youtube.com/channel/UChQGlAB7klnGt749PaS7tww,1,0,0,0,0,0,0,train,/data/scratch/acw630/PianoJudge/techniques/2NofNw2QTAw.wav,Which piano technique stands out the most in this composition?,Scales
198,Octave|Arpeggios_franck_2,Octave|Arpeggios,Octave|Arpeggios_franck_2.wav,,23.59467120181406,,,,,,,0,1,0,0,0,1,0,train,/data/scratch/acw630/PianoJudge/techniques/Octave|Arpeggios_franck_2.wav,What is the primary piano technique used in this track?,Octave
206,Doublenotes_1,Doublenotes,Doublenotes_1.wav,,16.042653061224488,,,,,,,0,0,0,0,1,0,0,train,/data/scratch/acw630/PianoJudge/techniques/Doublenotes_1.wav,What is the most prominent piano technique employed in this track?,Doublenotes
113,S0L7v8GB_zM_cut,Repeatednotes|Staccato,"Philip Glass: √âtudes, No. 6",20221107.0,295.0,6442.0,140.0,,9.0,https://www.youtube.com/watch?v=S0L7v8GB_zM,https://www.youtube.com/channel/UCqsTHUhVmtYXchi2hvmxvMg,0,0,0,1,0,0,1,train,/data/scratch/acw630/PianoJudge/techniques/S0L7v8GB_zM_cut.wav,Which piano technique stands out the most in this composition?,Repeatednotes
5,ZXWcf-P3I3k,Arpeggios,2016 07 01_E7Áê∂Èü≥ÂèäÂÄíÁê∂Âø´ÈÄüÁâà,20160728.0,7.0,150.0,0.0,,0.0,https://www.youtube.com/watch?v=ZXWcf-P3I3k,https://www.youtube.com/channel/UCgt0BrBoI7RsrcV250EK4Fw,0,1,0,0,0,0,0,train,/data/scratch/acw630/PianoJudge/techniques/ZXWcf-P3I3k.wav,What is the most prominent piano technique employed in this track?,Arpeggios
56,AePvsx9w9f4_cut,Doublenotes,Czerny op 299 no 29,20220115.0,96.0,4106.0,73.0,,10.0,https://www.youtube.com/watch?v=AePvsx9w9f4,https://www.youtube.com/channel/UCUI8y2SNgwH3ltgH_DQVoLQ,0,0,0,0,1,0,0,train,/data/scratch/acw630/PianoJudge/techniques/AePvsx9w9f4_cut.wav,What piano technique is most noticeable?,Doublenotes
182,Arpeggios_e_mior,Arpeggios,Arpeggios_e_mior.wav,,10.19734693877551,,,,,,,0,1,0,0,0,0,0,train,/data/scratch/acw630/PianoJudge/techniques/Arpeggios_e_mior.wav,What piano technique is most noticeable?,Arpeggios
135,ri4-rYzHyjA,Scales,E Major Contrary Motion #scales #practicingscales #pianotime #practice #piano #emajor #marilyn #fun,20231110.0,9.0,37.0,5.0,,2.0,https://www.youtube.com/watch?v=ri4-rYzHyjA,https://www.youtube.com/channel/UCkdJNU5qf-10UM4QjQWoIXA,1,0,0,0,0,0,0,train,/data/scratch/acw630/PianoJudge/techniques/ri4-rYzHyjA.wav,Can you identify the dominant piano technique in this track?,Scales
86,CX4-RAL0TBo,Ornaments,Czerny Op. 599 No. 81,20210410.0,51.0,572.0,9.0,,1.0,https://www.youtube.com/watch?v=CX4-RAL0TBo,https://www.youtube.com/channel/UCheJRZl9bHq4VuRtojq2vsQ,0,0,1,0,0,0,0,train,/data/scratch/acw630/PianoJudge/techniques/CX4-RAL0TBo.wav,Which piano technique stands out the most in this composition?,Ornaments
65,N6HcdKlAzkE_cut,Octave,Etude op.25 no.10 (Frederic Chopin),20210224.0,244.0,2875.0,120.0,,20.0,https://www.youtube.com/watch?v=N6HcdKlAzkE,https://www.youtube.com/channel/UCVeh0C3qa_s5CQmRyMPbqFA,0,0,0,0,0,1,0,train,/data/scratch/acw630/PianoJudge/techniques/N6HcdKlAzkE_cut.wav,What is the primary piano technique used in this track?,Octave
207,Octave_ravel_1,Octave,Octave_ravel_1.wav,,47.40265306122449,,,,,,,0,0,0,0,0,1,0,train,/data/scratch/acw630/PianoJudge/techniques/Octave_ravel_1.wav,What is the most prominent piano technique employed in this track?,Octave
194,Octave_franck_3,Octave,Octave_franck_3.wav,,26.645351473922904,,,,,,,0,0,0,0,0,1,0,train,/data/scratch/acw630/PianoJudge/techniques/Octave_franck_3.wav,What piano technique is most noticeable?,Octave
132,S6Zf7bzha8w,Scales,P 18 - Á¨¨45È°µ GÂ§ßË∞ÉÁöÑÂÖ≥Á≥ªÂ∞èË∞É(eËá™ÁÑ∂Â∞èË∞É)Èü≥Èò∂ÂèäÂÖ∂ÊåáÊ≥ïÁªÉ‰π† ÈÄüÂ∫¶ 100,20230222.0,100.0,34.0,0.0,,,https://www.youtube.com/watch?v=S6Zf7bzha8w,https://www.youtube.com/channel/UCFo4ZXvP0rtRyyq_Ssn0abA,1,0,0,0,0,0,0,train,/data/scratch/acw630/PianoJudge/techniques/S6Zf7bzha8w.wav,What piano technique is most noticeable?,Scales
31,VnH4b-eYQDc,Doublenotes,"Burgm√ºller: The Little Party, Op. 100 No. 4 | Cory Hall, pianist-composer",20130621.0,91.0,119748.0,1240.0,,82.0,https://www.youtube.com/watch?v=VnH4b-eYQDc,https://www.youtube.com/channel/UCuHRjYQVbZ1r48LL8MODEtw,0,0,0,0,1,0,0,train,/data/scratch/acw630/PianoJudge/techniques/VnH4b-eYQDc.wav,What is the most prominent piano technique employed in this track?,Doublenotes
12,caR2SSD2JlY,Arpeggios,Czerny:The School of Velocity Op. 299 No. 12,20220827.0,39.0,1777.0,24.0,,2.0,https://www.youtube.com/watch?v=caR2SSD2JlY,https://www.youtube.com/channel/UC4IpL45Vbqc05fnohsOWRJA,0,1,0,0,0,0,0,train,/data/scratch/acw630/PianoJudge/techniques/caR2SSD2JlY.wav,What is the primary piano technique used in this track?,Arpeggios
35,bdYhyPH6jbY,Doublenotes,"BartoÃÅk   No  73, Sixths and Triads from Mikrokosmos Vol III",20190308.0,39.0,182.0,3.0,,0.0,https://www.youtube.com/watch?v=bdYhyPH6jbY,https://www.youtube.com/channel/UCwctd7yY7luWFJJJGuDNyWw,0,0,0,0,1,0,0,train,/data/scratch/acw630/PianoJudge/techniques/bdYhyPH6jbY.wav,What is the most prominent piano technique employed in this track?,Doublenotes
28,22svsJ75oZQ,Arpeggios|Staccato,"Czerny - The Art of Finger Dexterity, Op.740, No.47",20210327.0,101.0,6920.0,218.0,,17.0,https://www.youtube.com/watch?v=22svsJ75oZQ,https://www.youtube.com/channel/UC67f0wcSF7r79Fne5NK__sw,0,1,0,0,0,0,1,train,/data/scratch/acw630/PianoJudge/techniques/22svsJ75oZQ.wav,What is the most prominent piano technique employed in this track?,Arpeggios
42,etq0pqpSNqQ,Doublenotes,ÊãúÂéÑÈí¢Áê¥Âü∫Á°ÄÊïôÁ®ã No70,20171201.0,12.0,2545.0,7.0,,0.0,https://www.youtube.com/watch?v=etq0pqpSNqQ,https://www.youtube.com/channel/UCDxpW90bwh941_tu5_RojRQ,0,0,0,0,1,0,0,train,/data/scratch/acw630/PianoJudge/techniques/etq0pqpSNqQ.wav,What is the most prominent piano technique employed in this track?,Doublenotes
217,Doublenotes|Ornaments_1,Doublenotes|Ornaments,Doublenotes|Ornaments_1.wav,,39.61598639455782,,,,,,,0,0,1,0,1,0,0,train,/data/scratch/acw630/PianoJudge/techniques/Doublenotes|Ornaments_1.wav,What piano technique is most noticeable?,Doublenotes
108,PAKtfkh0C1M_cut6,Repeatednotes|Staccato,Great Pianists' Technique: Repeated Notes,20110829.0,924.0,97505.0,763.0,,77.0,https://www.youtube.com/watch?v=PAKtfkh0C1M,https://www.youtube.com/channel/UCOMf9cfYumvUhav6gzL4ERg,0,0,0,1,0,0,1,train,/data/scratch/acw630/PianoJudge/techniques/PAKtfkh0C1M_cut6.wav,Which piano technique stands out the most in this composition?,Repeatednotes
204,Octave_5,Octave,Octave_5.wav,,24.61868480725624,,,,,,,0,0,0,0,0,1,0,train,/data/scratch/acw630/PianoJudge/techniques/Octave_5.wav,Can you identify the dominant piano technique in this track?,Octave
51,rXcSlDXCfR8,Doublenotes,ÊãúÂéÑÈí¢Áê¥Âü∫Á°ÄÊïôÁ®ã No69,20171201.0,19.0,1832.0,3.0,,0.0,https://www.youtube.com/watch?v=rXcSlDXCfR8,https://www.youtube.com/channel/UCDxpW90bwh941_tu5_RojRQ,0,0,0,0,1,0,0,train,/data/scratch/acw630/PianoJudge/techniques/rXcSlDXCfR8.wav,What is the most prominent piano technique employed in this track?,Doublenotes
165,t_nxp263oUY,Scales,Âø´Ê®ÇÂÖíÁ´•Èü≥Ê®ÇÊïôÂÆ§ GÂ§ßË™øÈü≥Èöé,20150610.0,26.0,113.0,0.0,,,https://www.youtube.com/watch?v=t_nxp263oUY,https://www.youtube.com/channel/UCDAJi_dGpdLs-U_40_fFMtQ,1,0,0,0,0,0,0,train,/data/scratch/acw630/PianoJudge/techniques/t_nxp263oUY.wav,What is the most prominent piano technique employed in this track?,Scales
178,g_jUWqYsNzw_cut,Staccato,"El Albaic√≠n (Iberia, VII) - Alb√©niz",20150404.0,448.0,98155.0,787.0,,28.0,https://www.youtube.com/watch?v=g_jUWqYsNzw,https://www.youtube.com/channel/UCTsNZsU8D5L6fsWp63XXB9g,0,0,0,0,0,0,1,train,/data/scratch/acw630/PianoJudge/techniques/g_jUWqYsNzw_cut.wav,What is the most prominent piano technique employed in this track?,Staccato
76,2xkXy66JGow,Ornaments|Staccato,Czerny Op. 599 No. 95 (2023-07-08),20230709.0,29.0,44.0,4.0,,0.0,https://www.youtube.com/watch?v=2xkXy66JGow,https://www.youtube.com/channel/UCbKzyDuiyAyriJ7zu_STStw,0,0,1,0,0,0,1,train,/data/scratch/acw630/PianoJudge/techniques/2xkXy66JGow.wav,What piano technique is most noticeable?,Ornaments
41,4QtkdA_coBQ,Doublenotes,"Practical Method for Beginners, Op  599   91",20200801.0,21.0,117.0,2.0,,0.0,https://www.youtube.com/watch?v=4QtkdA_coBQ,https://www.youtube.com/channel/UC7FjABUySvLg4NZVD0H25_A,0,0,0,0,1,0,0,train,/data/scratch/acw630/PianoJudge/techniques/4QtkdA_coBQ.wav,What is the most prominent piano technique employed in this track?,Doublenotes
136,EDhSoKdU_hY,Scales,"Chromatic Scale On C (Hands Separate)    ~February 4, 2024~ #chromatic #scales #pianopractice #scale",20240205.0,19.0,13.0,0.0,,0.0,https://www.youtube.com/watch?v=EDhSoKdU_hY,https://www.youtube.com/channel/UCkdJNU5qf-10UM4QjQWoIXA,1,0,0,0,0,0,0,train,/data/scratch/acw630/PianoJudge/techniques/EDhSoKdU_hY.wav,Can you identify the dominant piano technique in this track?,Scales
78,dXVXdemjr8o,Ornaments,"Carl Czerny, Op. 599, No. 74",20120909.0,37.0,29910.0,184.0,,14.0,https://www.youtube.com/watch?v=dXVXdemjr8o,https://www.youtube.com/channel/UCsSOLdpj2noIe2ckspOg50g,0,0,1,0,0,0,0,train,/data/scratch/acw630/PianoJudge/techniques/dXVXdemjr8o.wav,Can you identify the dominant piano technique in this track?,Ornaments
156,yCNL6URpwXQ,Scales,E+ Scale #scales #practicingscales #pianotime #practice #piano #emajor #marilyn #fun,20231110.0,13.0,93.0,5.0,,0.0,https://www.youtube.com/watch?v=yCNL6URpwXQ,https://www.youtube.com/channel/UCkdJNU5qf-10UM4QjQWoIXA,1,0,0,0,0,0,0,train,/data/scratch/acw630/PianoJudge/techniques/yCNL6URpwXQ.wav,Which piano technique stands out the most in this composition?,Scales
26,HHRr0akDG-0,Arpeggios,"BeÃÅla BartoÃÅk, No. 85, Broken Chords",20121105.0,77.0,3775.0,44.0,,1.0,https://www.youtube.com/watch?v=HHRr0akDG-0,https://www.youtube.com/channel/UCsSOLdpj2noIe2ckspOg50g,0,1,0,0,0,0,0,train,/data/scratch/acw630/PianoJudge/techniques/HHRr0akDG-0.wav,What piano technique is most noticeable?,Arpeggios
147,SiXmnSXShdc,Scales,Beyer  Op.101; No.12-15 Elementary Method for the Piano,20200413.0,76.0,81.0,1.0,,0.0,https://www.youtube.com/watch?v=SiXmnSXShdc,https://www.youtube.com/channel/UChQGlAB7klnGt749PaS7tww,1,0,0,0,0,0,0,train,/data/scratch/acw630/PianoJudge/techniques/SiXmnSXShdc.wav,What is the most prominent piano technique employed in this track?,Scales
167,lM6Ecj24-nU,Scales,Ëã±ÂúãÁöáÂÆ∂‰∫îÁ¥ö Â∞èË™øÈü≥ÈöéÁ∑¥Áøí,20180725.0,113.0,88.0,0.0,,0.0,https://www.youtube.com/watch?v=lM6Ecj24-nU,https://www.youtube.com/channel/UC4TngKjiqgBLvy1fJCnCqDA,1,0,0,0,0,0,0,train,/data/scratch/acw630/PianoJudge/techniques/lM6Ecj24-nU.wav,What is the primary piano technique used in this track?,Scales
120,xF493tb8lOc,Repeatednotes|Staccato,Czerny The school of velocity (op.299) Etude 22 in G dur by Pyotr Akulov,20181024.0,57.0,7642.0,181.0,,10.0,https://www.youtube.com/watch?v=xF493tb8lOc,https://www.youtube.com/channel/UCadFuHqKeDF_n68UmIaSLsw,0,0,0,1,0,0,1,train,/data/scratch/acw630/PianoJudge/techniques/xF493tb8lOc.wav,What piano technique is most noticeable?,Repeatednotes
0,w1JJaDFGxgU,Arpeggios,„ÄêÁîúËúúËÆäÂ•èÊõ≤-Áê∂Èü≥Á∑¥Áøí„ÄëË™≤Á®ãÂØ¶ÈåÑ/Â∞èÊ•äÊµÅË°åÁàµÂ£´ÈãºÁê¥/Á∞°Ë≠úÊïôÂ≠∏/Êñ∞ÂåóÊ∞∏Âíå,20220423.0,62.0,212.0,5.0,,0.0,https://www.youtube.com/watch?v=w1JJaDFGxgU,https://www.youtube.com/channel/UCLEAgv2CLjM7Rx0amm_x6Vw,0,1,0,0,0,0,0,train,/data/scratch/acw630/PianoJudge/techniques/w1JJaDFGxgU.wav,What is the primary piano technique used in this track?,Arpeggios
2,Y5CsDc2Cpzo,Doublenotes,"B√©la Bart√≥k - Mikrokosmos Book 5 - No. 134 - Studies in Double Notes (a, b & c)",20240120.0,65.0,94.0,3.0,,0.0,https://www.youtube.com/watch?v=Y5CsDc2Cpzo,https://www.youtube.com/channel/UCYMo7tAr2TkkvfR5f5Uyr3w,0,0,0,0,1,0,0,train,/data/scratch/acw630/PianoJudge/techniques/Y5CsDc2Cpzo.wav,What piano technique is most noticeable?,Doublenotes
77,yBDSkjV5_wQ_cut,Ornaments,"Scarlatti: Piano Sonata in A Minor, K. 217",20170825.0,492.0,5517.0,84.0,,1.0,https://www.youtube.com/watch?v=yBDSkjV5_wQ,https://www.youtube.com/channel/UCMg1H0kiWUEMobxvga36isw,0,0,1,0,0,0,0,train,/data/scratch/acw630/PianoJudge/techniques/yBDSkjV5_wQ_cut.wav,Which piano technique stands out the most in this composition?,Ornaments
46,Ri9ne7AV1K0,Doublenotes,"Czerny - The Art of Finger Dexterity Op.740, Book V - No.34",20100303.0,130.0,38162.0,144.0,,7.0,https://www.youtube.com/watch?v=Ri9ne7AV1K0,https://www.youtube.com/channel/UC-W45uERzWmlf5fPHIVUClg,0,0,0,0,1,0,0,train,/data/scratch/acw630/PianoJudge/techniques/Ri9ne7AV1K0.wav,What piano technique is most noticeable?,Doublenotes
104,PAKtfkh0C1M_cut2,Repeatednotes,Great Pianists' Technique: Repeated Notes,20110829.0,924.0,97505.0,763.0,,77.0,https://www.youtube.com/watch?v=PAKtfkh0C1M,https://www.youtube.com/channel/UCOMf9cfYumvUhav6gzL4ERg,0,0,0,1,0,0,0,train,/data/scratch/acw630/PianoJudge/techniques/PAKtfkh0C1M_cut2.wav,What is the primary piano technique used in this track?,Repeatednotes
177,93VqAV8YDSY,Staccato,"Ben Lepetit - B√©la Bart√≥k Mikrokosmos No. 142, From the Diary of a Fly",20171109.0,68.0,12515.0,178.0,,,https://www.youtube.com/watch?v=93VqAV8YDSY,https://www.youtube.com/channel/UCzqLlLjqeCc_sUAtgrLwP8Q,0,0,0,0,0,0,1,train,/data/scratch/acw630/PianoJudge/techniques/93VqAV8YDSY.wav,What is the primary piano technique used in this track?,Staccato
122,6SiPMNU8x4Y,Repeatednotes|Staccato,"Czerny - The Art of Finger Dexterity Op.740, Book V - No.35",20100303.0,97.0,48111.0,377.0,,9.0,https://www.youtube.com/watch?v=6SiPMNU8x4Y,https://www.youtube.com/channel/UC-W45uERzWmlf5fPHIVUClg,0,0,0,1,0,0,1,train,/data/scratch/acw630/PianoJudge/techniques/6SiPMNU8x4Y.wav,What piano technique is most noticeable?,Repeatednotes
90,cTii-snuNLc,Ornaments,Ziyu Shao-Czerny:Etude in A major Op.740 no 29,20181018.0,101.0,840.0,18.0,,1.0,https://www.youtube.com/watch?v=cTii-snuNLc,https://www.youtube.com/channel/UCOL8sGqiwJFkF57bF-3EuiA,0,0,1,0,0,0,0,train,/data/scratch/acw630/PianoJudge/techniques/cTii-snuNLc.wav,Which piano technique stands out the most in this composition?,Ornaments
85,nRV1tNXp1E0,Ornaments|Arpeggio,Ê≤àÊñáË£ïÊºîÂ•èËΩ¶Â∞îÂ∞º‰ΩúÂìÅ599 Á¨¨73Êù°,20200731.0,37.0,557.0,12.0,,,https://www.youtube.com/watch?v=nRV1tNXp1E0,https://www.youtube.com/channel/UC9n84_OJhSZzoyjkJQ-KEhA,0,0,1,0,0,0,0,train,/data/scratch/acw630/PianoJudge/techniques/nRV1tNXp1E0.wav,What is the most prominent piano technique employed in this track?,Ornaments
148,nbs5NPKlbAo,Scales|Staccato,Ëã±ÂúãÁöáÂÆ∂AbrsmÈü≥ÈöéÁ∑¥Áøí,20171115.0,54.0,156.0,1.0,,0.0,https://www.youtube.com/watch?v=nbs5NPKlbAo,https://www.youtube.com/channel/UCwfXcY8UacHXLfw_yzjuLyg,1,0,0,0,0,0,1,train,/data/scratch/acw630/PianoJudge/techniques/nbs5NPKlbAo.wav,What is the most prominent piano technique employed in this track?,Scales
98,6N6W0PDBRHs,Ornaments,"Burgm√ºller: La Gracieuse, Op. 100 No. 8 | Cory Hall, pianist-composer",20130703.0,101.0,121598.0,1031.0,,76.0,https://www.youtube.com/watch?v=6N6W0PDBRHs,https://www.youtube.com/channel/UCuHRjYQVbZ1r48LL8MODEtw,0,0,1,0,0,0,0,train,/data/scratch/acw630/PianoJudge/techniques/6N6W0PDBRHs.wav,What is the most prominent piano technique employed in this track?,Ornaments
36,BbVY3PQlpvs,Doublenotes,Czerny Op. 599 24,20190917.0,26.0,139.0,6.0,,,https://www.youtube.com/watch?v=BbVY3PQlpvs,https://www.youtube.com/channel/UCj0d5HBBOd1XLqv86i4XFDw,0,0,0,0,1,0,0,train,/data/scratch/acw630/PianoJudge/techniques/BbVY3PQlpvs.wav,Can you identify the dominant piano technique in this track?,Doublenotes
220,Octave|Doublenotes_2,Octave|Doublenotes,Octave|Doublenotes_2.wav,,30.933333333333334,,,,,,,0,0,0,0,1,1,0,train,/data/scratch/acw630/PianoJudge/techniques/Octave|Doublenotes_2.wav,Which piano technique stands out the most in this composition?,Octave
61,0W_guhYZypI,Octave,Czerny Etude opus 553,20210104.0,84.0,161.0,2.0,,0.0,https://www.youtube.com/watch?v=0W_guhYZypI,https://www.youtube.com/channel/UCCmsKIjmQc_xCxtsxhYSU8A,0,0,0,0,0,1,0,train,/data/scratch/acw630/PianoJudge/techniques/0W_guhYZypI.wav,What is the most prominent piano technique employed in this track?,Octave
22,wZnoYThr2As,Arpeggios,Áê∂Èü≥ÁªÉ‰π†,20200516.0,67.0,1226.0,7.0,,1.0,https://www.youtube.com/watch?v=wZnoYThr2As,https://www.youtube.com/channel/UCBaB9X7S3scVmIs2NPVgodA,0,1,0,0,0,0,0,train,/data/scratch/acw630/PianoJudge/techniques/wZnoYThr2As.wav,What is the most prominent piano technique employed in this track?,Arpeggios
209,Doublenotes_5,Doublenotes,Doublenotes_5.wav,,15.018684807256236,,,,,,,0,0,0,0,1,0,0,train,/data/scratch/acw630/PianoJudge/techniques/Doublenotes_5.wav,What is the primary piano technique used in this track?,Doublenotes
212,Octave|Arpeggios_2,Octave|Arpeggios,Octave|Arpeggios_2.wav,,18.83734693877551,,,,,,,0,1,0,0,0,1,0,train,/data/scratch/acw630/PianoJudge/techniques/Octave|Arpeggios_2.wav,Can you identify the dominant piano technique in this track?,Octave
33,qcsNTWUKfmY,Doublenotes,Carl Czerny Op.599 - 42,20180410.0,47.0,143.0,4.0,,0.0,https://www.youtube.com/watch?v=qcsNTWUKfmY,https://www.youtube.com/channel/UCxCsaosvbuH57sF52KePVEg,0,0,0,0,1,0,0,train,/data/scratch/acw630/PianoJudge/techniques/qcsNTWUKfmY.wav,What piano technique is most noticeable?,Doublenotes
11,BYVIhBTElEs,Arpeggios,G- Arpeggio (hands separate) #GMinorArpeggio #pianoscales #shorts #shortstrending #shortvideo,20240130.0,20.0,96.0,3.0,,0.0,https://www.youtube.com/watch?v=BYVIhBTElEs,https://www.youtube.com/channel/UCkdJNU5qf-10UM4QjQWoIXA,0,1,0,0,0,0,0,train,/data/scratch/acw630/PianoJudge/techniques/BYVIhBTElEs.wav,Can you identify the dominant piano technique in this track?,Arpeggios
216,Doublenotes_4,Doublenotes,Doublenotes_4.wav,,18.92265306122449,,,,,,,0,0,0,0,1,0,0,train,/data/scratch/acw630/PianoJudge/techniques/Doublenotes_4.wav,What is the primary piano technique used in this track?,Doublenotes
175,79VIXjBFK_I,Staccato,B√©la Bart√≥k - Mikrokosmos Book 2 - No. 65 - Dialogue,20230714.0,37.0,15.0,1.0,,0.0,https://www.youtube.com/watch?v=79VIXjBFK_I,https://www.youtube.com/channel/UCYMo7tAr2TkkvfR5f5Uyr3w,0,0,0,0,0,0,1,train,/data/scratch/acw630/PianoJudge/techniques/79VIXjBFK_I.wav,What is the primary piano technique used in this track?,Staccato
6,Sl1Z_dglxlo,Arpeggios,Á´•Âπ¥ÁöÑÂõûÂøÜ ÔºàÁê∂Èü≥ÁªÉ‰π†Ôºâ,20211108.0,82.0,987.0,13.0,,1.0,https://www.youtube.com/watch?v=Sl1Z_dglxlo,https://www.youtube.com/channel/UCykEvQ7PBYH8RrWbXGdq1zg,0,1,0,0,0,0,0,train,/data/scratch/acw630/PianoJudge/techniques/Sl1Z_dglxlo.wav,What is the most prominent piano technique employed in this track?,Arpeggios
27,te5duc9WAh0,Arpeggios,2016 07 01_E7Áê∂Èü≥ÂèäÂÄíÁê∂ÊÖ¢ÈÄüÁâà,20160728.0,16.0,40.0,0.0,,0.0,https://www.youtube.com/watch?v=te5duc9WAh0,https://www.youtube.com/channel/UCgt0BrBoI7RsrcV250EK4Fw,0,1,0,0,0,0,0,train,/data/scratch/acw630/PianoJudge/techniques/te5duc9WAh0.wav,What is the most prominent piano technique employed in this track?,Arpeggios
137,V52WdeAhadQ,Scales,DÂ§ßË™øÈü≥Èöé Ê≤≥ÂêàÊãúÁàæ‰∏ãÂÜä,20210913.0,37.0,122.0,0.0,,0.0,https://www.youtube.com/watch?v=V52WdeAhadQ,https://www.youtube.com/channel/UCAJ8qdINIVVOwNAcHRp6T6Q,1,0,0,0,0,0,0,train,/data/scratch/acw630/PianoJudge/techniques/V52WdeAhadQ.wav,What piano technique is most noticeable?,Scales
213,Octave_franck_2,Octave,Octave_franck_2.wav,,34.88,,,,,,,0,0,0,0,0,1,0,train,/data/scratch/acw630/PianoJudge/techniques/Octave_franck_2.wav,What is the most prominent piano technique employed in this track?,Octave
152,gq1W0DAb6pU,Scales,ÊãúÂéÑÈí¢Áê¥Âü∫Á°ÄÊïôÁ®ã Beyer  Scale in D major  DÂ§ßË∞ÉÈü≥Èò∂,20221128.0,44.0,261.0,8.0,,0.0,https://www.youtube.com/watch?v=gq1W0DAb6pU,https://www.youtube.com/channel/UCIWgLXbZZgMgNGeQbQqkpRA,1,0,0,0,0,0,0,train,/data/scratch/acw630/PianoJudge/techniques/gq1W0DAb6pU.wav,Can you identify the dominant piano technique in this track?,Scales
4,rFh7RwyfgI0,Arpeggios,202207022aÂ∞èË™øÁê∂Èü≥Á∑¥Áøí,20221219.0,60.0,86.0,,,,https://www.youtube.com/watch?v=rFh7RwyfgI0,https://www.youtube.com/channel/UCBKUB2kt-balXr9clnf5zaQ,0,1,0,0,0,0,0,train,/data/scratch/acw630/PianoJudge/techniques/rFh7RwyfgI0.wav,What is the most prominent piano technique employed in this track?,Arpeggios
32,5MLsm8mh-0I,Doublenotes,"Carl Czerny, Op 599, 21",20120811.0,34.0,43151.0,237.0,,17.0,https://www.youtube.com/watch?v=5MLsm8mh-0I,https://www.youtube.com/channel/UCsSOLdpj2noIe2ckspOg50g,0,0,0,0,1,0,0,train,/data/scratch/acw630/PianoJudge/techniques/5MLsm8mh-0I.wav,What is the primary piano technique used in this track?,Doublenotes
138,IbN6Hsjn2lg,Scales,Â∑¥ÊñØËíÇÂÆâÈí¢Áê¥ÊïôÁ®ã„ÄêÁ¨¨ÂõõÂ•óÊäÄÂ∑ßÂàÜÂÜå„Äë16 Èü≥Èò∂ÁªÉ‰π†Êõ≤,20180114.0,38.0,46.0,0.0,,0.0,https://www.youtube.com/watch?v=IbN6Hsjn2lg,https://www.youtube.com/channel/UCDxpW90bwh941_tu5_RojRQ,1,0,0,0,0,0,0,train,/data/scratch/acw630/PianoJudge/techniques/IbN6Hsjn2lg.wav,Which piano technique stands out the most in this composition?,Scales
192,Ornaments_2,Ornaments,Ornaments_2.wav,,24.0,,,,,,,0,0,1,0,0,0,0,train,/data/scratch/acw630/PianoJudge/techniques/Ornaments_2.wav,What is the primary piano technique used in this track?,Ornaments
161,faAJ3HbGD_g,Scales,Ëã±ÂúãÁöáÂÆ∂‰∫îÁ¥ö ÂèçÂêëÈü≥ÈöéÁ∑¥Áøí,20180725.0,44.0,279.0,2.0,,0.0,https://www.youtube.com/watch?v=faAJ3HbGD_g,https://www.youtube.com/channel/UC4TngKjiqgBLvy1fJCnCqDA,1,0,0,0,0,0,0,train,/data/scratch/acw630/PianoJudge/techniques/faAJ3HbGD_g.wav,Which piano technique stands out the most in this composition?,Scales
159,C3G8DUFYQjk,Scales,Á¨¨‰∏ÄÊ¨°Êë∏Èí¢Áê¥üéπÈü≥Èò∂ÁªÉ‰π†,20200415.0,25.0,52.0,2.0,,0.0,https://www.youtube.com/watch?v=C3G8DUFYQjk,https://www.youtube.com/channel/UCBaB9X7S3scVmIs2NPVgodA,1,0,0,0,0,0,0,train,/data/scratch/acw630/PianoJudge/techniques/C3G8DUFYQjk.wav,What is the primary piano technique used in this track?,Scales
114,-0gQ_A3tP1c,Repeatednotes,‰∏âÂÄãÂêåÈü≥ÈÄ£Á∫å,20211203.0,76.0,150.0,3.0,,0.0,https://www.youtube.com/watch?v=-0gQ_A3tP1c,https://www.youtube.com/channel/UCHnp2zMd9K6Flh012MP6EDA,0,0,0,1,0,0,0,train,/data/scratch/acw630/PianoJudge/techniques/-0gQ_A3tP1c.wav,What is the primary piano technique used in this track?,Repeatednotes
10,I5rASCtR6Bo,Arpeggios,2016.9 ÂΩ•ÁæΩÈãºÁê¥Á∑¥Áøí~Áê∂Èü≥Á∑¥ÁøíÊõ≤,20161020.0,46.0,72.0,0.0,,0.0,https://www.youtube.com/watch?v=I5rASCtR6Bo,https://www.youtube.com/channel/UCuIgydAyQQCpYewWa5_8l1g,0,1,0,0,0,0,0,train,/data/scratch/acw630/PianoJudge/techniques/I5rASCtR6Bo.wav,What is the most prominent piano technique employed in this track?,Arpeggios
62,tfzvM9V1mMQ,Octave|Staccato,"Czerny - The Art of Finger Dexterity Op.740, Book V - No.38",20100303.0,108.0,44841.0,221.0,,9.0,https://www.youtube.com/watch?v=tfzvM9V1mMQ,https://www.youtube.com/channel/UC-W45uERzWmlf5fPHIVUClg,0,0,0,0,0,1,1,train,/data/scratch/acw630/PianoJudge/techniques/tfzvM9V1mMQ.wav,What is the primary piano technique used in this track?,Octave
128,31_T8OKn4-w,Scales,Ëã±ÂúãÁöáÂÆ∂‰∫îÁ¥ö Â§ßË™øÈü≥ÈöéÁ∑¥Áøí,20180725.0,109.0,186.0,2.0,,0.0,https://www.youtube.com/watch?v=31_T8OKn4-w,https://www.youtube.com/channel/UC4TngKjiqgBLvy1fJCnCqDA,1,0,0,0,0,0,0,train,/data/scratch/acw630/PianoJudge/techniques/31_T8OKn4-w.wav,Which piano technique stands out the most in this composition?,Scales
199,Arpeggios_1,Arpeggios,Arpeggios_1.wav,,35.733333333333334,,,,,,,0,1,0,0,0,0,0,train,/data/scratch/acw630/PianoJudge/techniques/Arpeggios_1.wav,Which piano technique stands out the most in this composition?,Arpeggios
168,0YyH44KJ2S8,Scales,2014.3.2ÂïüÂÆ£ÈãºÁê¥ÂΩàÂ•èÂæπÁàæÂ∞ºÂçäÈü≥ÈöéÁ∑¥ÁøíÊõ≤,20140302.0,58.0,513.0,1.0,,0.0,https://www.youtube.com/watch?v=0YyH44KJ2S8,https://www.youtube.com/channel/UCEHsqPvHFIW7ZQaWYjajCQg,1,0,0,0,0,0,0,train,/data/scratch/acw630/PianoJudge/techniques/0YyH44KJ2S8.wav,What piano technique is most noticeable?,Scales
70,McoqNuF6TpQ,Octave,Carl Czerny Op.740 (699) Etude 33 Francesco Libetta ( Very Difficult Etude),20180113.0,87.0,23563.0,508.0,,85.0,https://www.youtube.com/watch?v=McoqNuF6TpQ,https://www.youtube.com/channel/UCCJVEoWCs0yWJOWuuAXcQ5A,0,0,0,0,0,1,0,train,/data/scratch/acw630/PianoJudge/techniques/McoqNuF6TpQ.wav,What is the primary piano technique used in this track?,Octave
171,Pf2gM8XvknA,Staccato|Doublenotes,B√©la Bart√≥k - Mikrokosmos Book 3 - No. 82 - Scherzo,20230924.0,28.0,214.0,8.0,,2.0,https://www.youtube.com/watch?v=Pf2gM8XvknA,https://www.youtube.com/channel/UCYMo7tAr2TkkvfR5f5Uyr3w,0,0,0,0,1,0,1,train,/data/scratch/acw630/PianoJudge/techniques/Pf2gM8XvknA.wav,Can you identify the dominant piano technique in this track?,Staccato
64,LBjJQWPAwNw,Octave|Staccato,#pianohobby Czerny - Etude Op.553 No.5,20220114.0,87.0,226.0,,,0.0,https://www.youtube.com/watch?v=LBjJQWPAwNw,https://www.youtube.com/channel/UCM-1zBsXOczejTndthigD6Q,0,0,0,0,0,1,1,train,/data/scratch/acw630/PianoJudge/techniques/LBjJQWPAwNw.wav,What piano technique is most noticeable?,Octave
44,q3TkFQbvr58,Doublenotes|Scales,Third-note scales (G Major) /‰∏âÂ∫¶Èü≥Èöé (GÂ§ßË™ø),20231021.0,17.0,55.0,2.0,,0.0,https://www.youtube.com/watch?v=q3TkFQbvr58,https://www.youtube.com/channel/UCHnp2zMd9K6Flh012MP6EDA,1,0,0,0,1,0,0,train,/data/scratch/acw630/PianoJudge/techniques/q3TkFQbvr58.wav,What is the most prominent piano technique employed in this track?,Doublenotes
144,JrJHc__2jOk,Scales,Â∑¥ÊñØËíÇÂÆâÈí¢Áê¥ÊïôÁ®ã„ÄêÁ¨¨ÂõõÂ•óÊäÄÂ∑ßÂàÜÂÜå„Äë14 ‰πòËá™Âä®Êâ∂Ê¢Ø,20180114.0,13.0,26.0,0.0,,0.0,https://www.youtube.com/watch?v=JrJHc__2jOk,https://www.youtube.com/channel/UCDxpW90bwh941_tu5_RojRQ,1,0,0,0,0,0,0,train,/data/scratch/acw630/PianoJudge/techniques/JrJHc__2jOk.wav,What is the most prominent piano technique employed in this track?,Scales
40,7qb62i2cO-s,Doublenotes,ÊãúÂéÑÈí¢Áê¥Âü∫Á°ÄÊïôÁ®ã No71,20171201.0,13.0,2215.0,5.0,,0.0,https://www.youtube.com/watch?v=7qb62i2cO-s,https://www.youtube.com/channel/UCDxpW90bwh941_tu5_RojRQ,0,0,0,0,1,0,0,train,/data/scratch/acw630/PianoJudge/techniques/7qb62i2cO-s.wav,Can you identify the dominant piano technique in this track?,Doublenotes
123,ZA6RuaHSB8A_cut,Repeatednotes,Czerny - The Art of Finger Dexterity op.740 no.32(Szokolay) HD Music Sheet Video,20221130.0,99.0,1213.0,35.0,,0.0,https://www.youtube.com/watch?v=ZA6RuaHSB8A,https://www.youtube.com/channel/UCmOGMtvO5UPwHXVue1t3MjA,0,0,0,1,0,0,0,train,/data/scratch/acw630/PianoJudge/techniques/ZA6RuaHSB8A_cut.wav,What is the most prominent piano technique employed in this track?,Repeatednotes
23,Bei7Hazlwjg,Arpeggios,P. 16 Etude Ë∏èÊùø‰∏éÁê∂Èü≥ÁªÑ„ÄäÁªÉ‰π†Êõ≤„Äã‚ÄîJOHN THOMPSON'S MODERN COURSE FOR THE PIANO SECOND GRADE,20200529.0,35.0,251.0,5.0,,0.0,https://www.youtube.com/watch?v=Bei7Hazlwjg,https://www.youtube.com/channel/UCpExeoJdDpBR4-qyKjE6qHA,0,1,0,0,0,0,0,train,/data/scratch/acw630/PianoJudge/techniques/Bei7Hazlwjg.wav,Which piano technique stands out the most in this composition?,Arpeggios
184,Staccato_3,Staccato,Staccato_3.wav,,18.11201814058957,,,,,,,0,0,0,0,0,0,1,train,/data/scratch/acw630/PianoJudge/techniques/Staccato_3.wav,Can you identify the dominant piano technique in this track?,Staccato
162,ttp2QX0O9ko,Scales,Week Two: Scales (G-Db) [124bpm],20200924.0,222.0,21.0,0.0,,0.0,https://www.youtube.com/watch?v=ttp2QX0O9ko,https://www.youtube.com/channel/UCNrfNue6QWutjqgc2dzOL1Q,1,0,0,0,0,0,0,train,/data/scratch/acw630/PianoJudge/techniques/ttp2QX0O9ko.wav,What is the primary piano technique used in this track?,Scales
81,xXi3dl5R92c_cut2,Ornaments,Mozart - Piano Sonata No.8 in A Minor - II. Andante cantabile [Sheet Music] (Piano Solo),20160122.0,645.0,55222.0,609.0,,33.0,https://www.youtube.com/watch?v=xXi3dl5R92c,https://www.youtube.com/channel/UCvvYVO8q5wF66DPaO2rW18Q,0,0,1,0,0,0,0,train,/data/scratch/acw630/PianoJudge/techniques/xXi3dl5R92c_cut2.wav,Can you identify the dominant piano technique in this track?,Ornaments
39,MP_3kWh0Gr4,Doublenotes|Repeatednotes,ÊãúÂéÑÈí¢Áê¥Âü∫Á°ÄÊïôÁ®ã No90,20171202.0,45.0,3095.0,13.0,,3.0,https://www.youtube.com/watch?v=MP_3kWh0Gr4,https://www.youtube.com/channel/UCDxpW90bwh941_tu5_RojRQ,0,0,0,0,1,0,0,train,/data/scratch/acw630/PianoJudge/techniques/MP_3kWh0Gr4.wav,Can you identify the dominant piano technique in this track?,Doublenotes
185,Octave_4,Octave,Octave_4.wav,,21.290680272108844,,,,,,,0,0,0,0,0,1,0,train,/data/scratch/acw630/PianoJudge/techniques/Octave_4.wav,What piano technique is most noticeable?,Octave
47,Z2A1Fm_luXs,Doublenotes,"Czerny - The Art of Finger Dexterity Op.740, Book II - No.10",20100105.0,61.0,75532.0,352.0,,9.0,https://www.youtube.com/watch?v=Z2A1Fm_luXs,https://www.youtube.com/channel/UC-W45uERzWmlf5fPHIVUClg,0,0,0,0,1,0,0,train,/data/scratch/acw630/PianoJudge/techniques/Z2A1Fm_luXs.wav,Which piano technique stands out the most in this composition?,Doublenotes
94,JRiumYw-buA_cut1,Ornaments,Scarlatti - Selected Sonatas (Pletnev),20180709.0,2277.0,274213.0,3994.0,,148.0,https://www.youtube.com/watch?v=JRiumYw-buA,https://www.youtube.com/channel/UCn8_44BnszBokQ8LOc8WlMA,0,0,1,0,0,0,0,train,/data/scratch/acw630/PianoJudge/techniques/JRiumYw-buA_cut1.wav,Which piano technique stands out the most in this composition?,Ornaments
186,Ornaments_3,Ornaments,Ornaments_3.wav,,27.9680045351474,,,,,,,0,0,1,0,0,0,0,train,/data/scratch/acw630/PianoJudge/techniques/Ornaments_3.wav,Which piano technique stands out the most in this composition?,Ornaments
43,XvE00fLR93c,Doublenotes|Staccato,"Bartok:  MikroKosmos  no. 129   Alternating Thrirds   -   Bela Bartok, piano",20220611.0,51.0,101.0,0.0,,0.0,https://www.youtube.com/watch?v=XvE00fLR93c,https://www.youtube.com/channel/UCyYkoBNCzeEtd_fXs84TeNQ,0,0,0,0,1,0,1,train,/data/scratch/acw630/PianoJudge/techniques/XvE00fLR93c.wav,Can you identify the dominant piano technique in this track?,Doublenotes
145,cosIrQauQbU_cut,Scales,ÈãºÁê¥ eÂ∞èË™øÈü≥ÈöéÊóãÂæãÂ∞èÈü≥Èöé,20201007.0,20.0,228.0,0.0,,,https://www.youtube.com/watch?v=cosIrQauQbU,https://www.youtube.com/channel/UCLE2ghl2ecquI-KEcKfK7UQ,1,0,0,0,0,0,0,train,/data/scratch/acw630/PianoJudge/techniques/cosIrQauQbU_cut.wav,What is the most prominent piano technique employed in this track?,Scales
153,t1LCHqQcyiQ,Scales|Staccato,ÂÖ®ÂõΩÈí¢Áê¥ËÄÉÁ∫ß‰∫îÁ∫ßÊõ≤ÁõÆ„ÄäCÂ§ßË∞É‰∏éaÂ∞èË∞É„Äã,20181114.0,33.0,465.0,1.0,,0.0,https://www.youtube.com/watch?v=t1LCHqQcyiQ,https://www.youtube.com/channel/UCVI9mRPsWdcbUIvQxcWjz5Q,1,0,0,0,0,0,1,train,/data/scratch/acw630/PianoJudge/techniques/t1LCHqQcyiQ.wav,What piano technique is most noticeable?,Scales
3,UM-Rx6c1Ny0,Arpeggios,#shorts #shortstrending #EflatMajor #Arpeggio #scales #piano #pianotime #pianoscale #funtoplaypiano,20240122.0,16.0,13.0,0.0,,0.0,https://www.youtube.com/watch?v=UM-Rx6c1Ny0,https://www.youtube.com/channel/UCkdJNU5qf-10UM4QjQWoIXA,0,1,0,0,0,0,0,train,/data/scratch/acw630/PianoJudge/techniques/UM-Rx6c1Ny0.wav,What piano technique is most noticeable?,Arpeggios
105,PAKtfkh0C1M_cut3,Repeatednotes,Great Pianists' Technique: Repeated Notes,20110829.0,924.0,97505.0,763.0,,77.0,https://www.youtube.com/watch?v=PAKtfkh0C1M,https://www.youtube.com/channel/UCOMf9cfYumvUhav6gzL4ERg,0,0,0,1,0,0,0,train,/data/scratch/acw630/PianoJudge/techniques/PAKtfkh0C1M_cut3.wav,What is the primary piano technique used in this track?,Repeatednotes
53,YPds_ZgooTs,Doublenotes,ÊãúÂéÑÈí¢Áê¥Âü∫Á°ÄÊïôÁ®ã No84,20171201.0,33.0,2032.0,8.0,,1.0,https://www.youtube.com/watch?v=YPds_ZgooTs,https://www.youtube.com/channel/UCDxpW90bwh941_tu5_RojRQ,0,0,0,0,1,0,0,train,/data/scratch/acw630/PianoJudge/techniques/YPds_ZgooTs.wav,Can you identify the dominant piano technique in this track?,Doublenotes
133,pGGHFf8XZAQ,Scales,ÊãúÂéÑÈí¢Áê¥Âü∫Á°ÄÊïôÁ®ã Beyer Scale in A major  AÂ§ßË∞ÉÈü≥Èò∂,20221130.0,62.0,143.0,5.0,,,https://www.youtube.com/watch?v=pGGHFf8XZAQ,https://www.youtube.com/channel/UCIWgLXbZZgMgNGeQbQqkpRA,1,0,0,0,0,0,0,train,/data/scratch/acw630/PianoJudge/techniques/pGGHFf8XZAQ.wav,What is the most prominent piano technique employed in this track?,Scales
200,Arpeggios_e7,Arpeggios,Arpeggios_e7.wav,,14.613333333333332,,,,,,,0,1,0,0,0,0,0,train,/data/scratch/acw630/PianoJudge/techniques/Arpeggios_e7.wav,Which piano technique stands out the most in this composition?,Arpeggios
172,w-1ERRRUM-c_cut,Staccato|Repeatednotes,Debussy: Estampes - Jardins sous la Pluie (Gieseking),20090324.0,199.0,537158.0,2711.0,,147.0,https://www.youtube.com/watch?v=w-1ERRRUM-c,https://www.youtube.com/channel/UCcCH9BKo4SfRuozbIdM78JQ,0,0,0,1,0,0,1,train,/data/scratch/acw630/PianoJudge/techniques/w-1ERRRUM-c_cut.wav,Can you identify the dominant piano technique in this track?,Staccato
205,Octave_6,Octave,Octave_6.wav,,20.245351473922906,,,,,,,0,0,0,0,0,1,0,train,/data/scratch/acw630/PianoJudge/techniques/Octave_6.wav,What piano technique is most noticeable?,Octave
49,nsXT6p3AsrM,Doublenotes,"Bartok:  MikroKosmos  no. 131   Fourths   -   Bela Bartok, piano",20220611.0,56.0,97.0,1.0,,0.0,https://www.youtube.com/watch?v=nsXT6p3AsrM,https://www.youtube.com/channel/UCyYkoBNCzeEtd_fXs84TeNQ,0,0,0,0,1,0,0,train,/data/scratch/acw630/PianoJudge/techniques/nsXT6p3AsrM.wav,What is the primary piano technique used in this track?,Doublenotes
80,xXi3dl5R92c_cut1,Ornaments,Mozart - Piano Sonata No.8 in A Minor - II. Andante cantabile [Sheet Music] (Piano Solo),20160122.0,645.0,55222.0,609.0,,33.0,https://www.youtube.com/watch?v=xXi3dl5R92c,https://www.youtube.com/channel/UCvvYVO8q5wF66DPaO2rW18Q,0,0,1,0,0,0,0,train,/data/scratch/acw630/PianoJudge/techniques/xXi3dl5R92c_cut1.wav,What piano technique is most noticeable?,Ornaments
34,VYa5Rt1kKzQ,Doublenotes,"Czerny - The Art of Finger Dexterity Op.740, Book V - No.39",20100303.0,131.0,38061.0,93.0,,0.0,https://www.youtube.com/watch?v=VYa5Rt1kKzQ,https://www.youtube.com/channel/UC-W45uERzWmlf5fPHIVUClg,0,0,0,0,1,0,0,train,/data/scratch/acw630/PianoJudge/techniques/VYa5Rt1kKzQ.wav,Can you identify the dominant piano technique in this track?,Doublenotes
7,UhG9pPAcsHg,Arpeggios,31 ÂàÜËß£ÂíåÂº¶ÁªÉ‰π†Êõ≤,20150520.0,30.0,964.0,6.0,,0.0,https://www.youtube.com/watch?v=UhG9pPAcsHg,https://www.youtube.com/channel/UC36fRPbLVO2oQ-CxEgjTi_w,0,1,0,0,0,0,0,train,/data/scratch/acw630/PianoJudge/techniques/UhG9pPAcsHg.wav,Which piano technique stands out the most in this composition?,Arpeggios
110,PAKtfkh0C1M_cut8,Repeatednotes|Staccato,Great Pianists' Technique: Repeated Notes,20110829.0,924.0,97505.0,763.0,,77.0,https://www.youtube.com/watch?v=PAKtfkh0C1M,https://www.youtube.com/channel/UCOMf9cfYumvUhav6gzL4ERg,0,0,0,1,0,0,1,train,/data/scratch/acw630/PianoJudge/techniques/PAKtfkh0C1M_cut8.wav,What is the most prominent piano technique employed in this track?,Repeatednotes
91,rZXLB7m4kOg,Ornaments|Staccato,"Czerny - The Art of Finger Dexterity Op.740, Book II - No.9",20100105.0,119.0,92001.0,448.0,,16.0,https://www.youtube.com/watch?v=rZXLB7m4kOg,https://www.youtube.com/channel/UC-W45uERzWmlf5fPHIVUClg,0,0,1,0,0,0,1,train,/data/scratch/acw630/PianoJudge/techniques/rZXLB7m4kOg.wav,Can you identify the dominant piano technique in this track?,Ornaments
83,xXi3dl5R92c_cut4,Ornaments|Repeatednotes,Mozart - Piano Sonata No.8 in A Minor - II. Andante cantabile [Sheet Music] (Piano Solo),20160122.0,645.0,55222.0,609.0,,33.0,https://www.youtube.com/watch?v=xXi3dl5R92c,https://www.youtube.com/channel/UCvvYVO8q5wF66DPaO2rW18Q,0,0,1,1,0,0,0,train,/data/scratch/acw630/PianoJudge/techniques/xXi3dl5R92c_cut4.wav,What is the primary piano technique used in this track?,Ornaments
196,Ornaments_1,Ornaments,Ornaments_1.wav,,17.386666666666667,,,,,,,0,0,1,0,0,0,0,train,/data/scratch/acw630/PianoJudge/techniques/Ornaments_1.wav,What is the most prominent piano technique employed in this track?,Ornaments
201,Octave_1,Octave,Octave_1.wav,,18.474671201814058,,,,,,,0,0,0,0,0,1,0,train,/data/scratch/acw630/PianoJudge/techniques/Octave_1.wav,What is the primary piano technique used in this track?,Octave
89,ro0QRhprRf4,Ornaments,"Czerny : Study Op. 599, No. 83",20130627.0,72.0,8887.0,76.0,,1.0,https://www.youtube.com/watch?v=ro0QRhprRf4,https://www.youtube.com/channel/UC_L5mMp5A_KyggRls2nZzlA,0,0,1,0,0,0,0,train,/data/scratch/acw630/PianoJudge/techniques/ro0QRhprRf4.wav,Can you identify the dominant piano technique in this track?,Ornaments
8,QJ7MU87qDrc,Arpeggios,"Carl Czerny : Op. 599, No. 23",20160223.0,63.0,5116.0,66.0,,5.0,https://www.youtube.com/watch?v=QJ7MU87qDrc,https://www.youtube.com/channel/UCSeoP6fbwKXXPCTHcRjU3cQ,0,1,0,0,0,0,0,train,/data/scratch/acw630/PianoJudge/techniques/QJ7MU87qDrc.wav,What is the primary piano technique used in this track?,Arpeggios
13,piECZCUMquY,Arpeggios,#shorts #shortstrending #shortsvideo #gminor #triads #scales #pianopractice #viral #goingviraltoday,20240203.0,16.0,5.0,2.0,,0.0,https://www.youtube.com/watch?v=piECZCUMquY,https://www.youtube.com/channel/UCkdJNU5qf-10UM4QjQWoIXA,0,1,0,0,0,0,0,train,/data/scratch/acw630/PianoJudge/techniques/piECZCUMquY.wav,Can you identify the dominant piano technique in this track?,Arpeggios
59,YAWrQ_OrOvc,Octave,"Piano Practice - Chopin √âtude Op. 25 No. 10 - Slow, Metronome (2) - 8/12/23 #pianolessonsonline",20230814.0,41.0,480.0,22.0,,0.0,https://www.youtube.com/watch?v=YAWrQ_OrOvc,https://www.youtube.com/channel/UCrxmsZQAWgO3KFlPf6OYqdA,0,0,0,0,0,1,0,train,/data/scratch/acw630/PianoJudge/techniques/YAWrQ_OrOvc.wav,What is the most prominent piano technique employed in this track?,Octave
189,Ornaments_4,Ornaments,Ornaments_4.wav,,22.76265306122449,,,,,,,0,0,1,0,0,0,0,train,/data/scratch/acw630/PianoJudge/techniques/Ornaments_4.wav,What piano technique is most noticeable?,Ornaments
131,jKjLp38TY5w,Scales,Week Three Scales (C-F#) [100bpm],20201001.0,262.0,15.0,0.0,,0.0,https://www.youtube.com/watch?v=jKjLp38TY5w,https://www.youtube.com/channel/UCNrfNue6QWutjqgc2dzOL1Q,1,0,0,0,0,0,0,train,/data/scratch/acw630/PianoJudge/techniques/jKjLp38TY5w.wav,What piano technique is most noticeable?,Scales
17,Yr50r0XOqe8,Arpeggios,È†ÜÂã¢ÊºîÂ•èÁöÑË∂ÖÂø´Áê∂Èü≥~Âø´‰æÜÁúãÊîæÈ¨ÜÂΩàÁê¥ÁöÑÂº∑Â§ßÊàêÊïàÔºÅ,20230301.0,4.0,752.0,13.0,,0.0,https://www.youtube.com/watch?v=Yr50r0XOqe8,https://www.youtube.com/channel/UC8_ijjpNCBR9bV9YBofRYWg,0,1,0,0,0,0,0,train,/data/scratch/acw630/PianoJudge/techniques/Yr50r0XOqe8.wav,Which piano technique stands out the most in this composition?,Arpeggios
166,fi23cCYyv2U,Scales,ÈãºÁê¥Èü≥ÈöéÂΩàÂ•è,20160723.0,16.0,1897.0,8.0,,0.0,https://www.youtube.com/watch?v=fi23cCYyv2U,https://www.youtube.com/channel/UC2q2T2nsDAPEPQJ-uEXOU8w,1,0,0,0,0,0,0,train,/data/scratch/acw630/PianoJudge/techniques/fi23cCYyv2U.wav,Can you identify the dominant piano technique in this track?,Scales
72,HXpsEFQsAFc,Octave,"Debussy: √âtude No. 5 'pour les octaves', L.136",20200829.0,190.0,19825.0,328.0,,0.0,https://www.youtube.com/watch?v=HXpsEFQsAFc,https://www.youtube.com/channel/UCRyh___DDg7uevMvLrjnmdA,0,0,0,0,0,1,0,train,/data/scratch/acw630/PianoJudge/techniques/HXpsEFQsAFc.wav,What is the most prominent piano technique employed in this track?,Octave
193,Repeatednotes_ravel_1,Repeatednotes,Repeatednotes_ravel_1.wav,,9.749319727891155,,,,,,,0,0,0,1,0,0,0,train,/data/scratch/acw630/PianoJudge/techniques/Repeatednotes_ravel_1.wav,What is the primary piano technique used in this track?,Repeatednotes
134,5YTmfv63-wY,Scales,#gminorharmonic #scale #handstogether #shorts #shortstrending #shortvideo #scales #gminor #harmonic,20240122.0,15.0,216.0,7.0,,2.0,https://www.youtube.com/watch?v=5YTmfv63-wY,https://www.youtube.com/channel/UCkdJNU5qf-10UM4QjQWoIXA,1,0,0,0,0,0,0,val,/data/scratch/acw630/PianoJudge/techniques/5YTmfv63-wY.wav,What piano technique is most noticeable?,Scales
183,Arpeggios_e7dim,Arpeggios,Arpeggios_e7dim.wav,,14.421337868480723,,,,,,,0,1,0,0,0,0,0,val,/data/scratch/acw630/PianoJudge/techniques/Arpeggios_e7dim.wav,What piano technique is most noticeable?,Arpeggios
203,Staccato_2,Staccato,Staccato_2.wav,,28.60800453514739,,,,,,,0,0,0,0,0,0,1,val,/data/scratch/acw630/PianoJudge/techniques/Staccato_2.wav,Which piano technique stands out the most in this composition?,Staccato
63,kqWDdHF_OWg,Octave,Brutal octaves in Liszt,20220501.0,25.0,11309.0,490.0,,87.0,https://www.youtube.com/watch?v=kqWDdHF_OWg,https://www.youtube.com/channel/UCNBWNhQqAPuMd9Km-j7-Kmw,0,0,0,0,0,1,0,val,/data/scratch/acw630/PianoJudge/techniques/kqWDdHF_OWg.wav,What is the primary piano technique used in this track?,Octave
54,IknNg8SSKkM,Doublenotes,B√©la Bart√≥k - Mikrokosmos 71: Thirds,20221123.0,72.0,289.0,4.0,,0.0,https://www.youtube.com/watch?v=IknNg8SSKkM,https://www.youtube.com/channel/UCf7-eKp66x6oqrjvVCNRMTg,0,0,0,0,1,0,0,val,/data/scratch/acw630/PianoJudge/techniques/IknNg8SSKkM.wav,Which piano technique stands out the most in this composition?,Doublenotes
107,PAKtfkh0C1M_cut5,Repeatednotes|Staccato,Great Pianists' Technique: Repeated Notes,20110829.0,924.0,97505.0,763.0,,77.0,https://www.youtube.com/watch?v=PAKtfkh0C1M,https://www.youtube.com/channel/UCOMf9cfYumvUhav6gzL4ERg,0,0,0,1,0,0,1,val,/data/scratch/acw630/PianoJudge/techniques/PAKtfkh0C1M_cut5.wav,What piano technique is most noticeable?,Repeatednotes
50,_uDNENyVUbE,Doublenotes|Scales,Scales in Thirds - A Major (‰∏âÂ∫¶Èü≥Èöé - AÂ§ßË™ø),20231122.0,17.0,55.0,1.0,,0.0,https://www.youtube.com/watch?v=_uDNENyVUbE,https://www.youtube.com/channel/UCHnp2zMd9K6Flh012MP6EDA,1,0,0,0,1,0,0,val,/data/scratch/acw630/PianoJudge/techniques/_uDNENyVUbE.wav,What is the most prominent piano technique employed in this track?,Doublenotes
174,xnf_eve4aeU,Staccato,"Burgm√ºller: Spirit of Chivalry, Op. 100 No. 25 | Cory Hall, pianist-composer",20130619.0,127.0,94951.0,1127.0,,80.0,https://www.youtube.com/watch?v=xnf_eve4aeU,https://www.youtube.com/channel/UCuHRjYQVbZ1r48LL8MODEtw,0,0,0,0,0,0,1,val,/data/scratch/acw630/PianoJudge/techniques/xnf_eve4aeU.wav,What piano technique is most noticeable?,Staccato
218,Repeatednotes_1,Repeatednotes,Repeatednotes_1.wav,,18.048004535147392,,,,,,,0,0,0,1,0,0,0,val,/data/scratch/acw630/PianoJudge/techniques/Repeatednotes_1.wav,What piano technique is most noticeable?,Repeatednotes
169,StMcY3iICGQ,Scales,Â∑¥ÊñØËíÇÂÆâÈí¢Áê¥ÊïôÁ®ã„ÄêÁ¨¨‰∫îÂ•óÊäÄÂ∑ßÂàÜÂÜå„Äë30 ‰∏§‰∏™ÂÖ´Â∫¶ÁöÑÂíåÂ£∞Â∞èË∞ÉÈü≥Èò∂ÔºàÂçáÂè∑Ë∞ÉÈü≥Èò∂Ôºâ,20180121.0,74.0,32.0,0.0,,0.0,https://www.youtube.com/watch?v=StMcY3iICGQ,https://www.youtube.com/channel/UCDxpW90bwh941_tu5_RojRQ,1,0,0,0,0,0,0,val,/data/scratch/acw630/PianoJudge/techniques/StMcY3iICGQ.wav,What is the primary piano technique used in this track?,Scales
58,jRKisjW2nnM,Octave,Carl Czerny Op.553 No.1,20200318.0,160.0,305.0,4.0,,2.0,https://www.youtube.com/watch?v=jRKisjW2nnM,https://www.youtube.com/channel/UCEWj-KokvHn8oCamISOaVDw,0,0,0,0,0,1,0,val,/data/scratch/acw630/PianoJudge/techniques/jRKisjW2nnM.wav,What piano technique is most noticeable?,Octave
48,G0arFYjFKb4,Doublenotes,ÊãúÂéÑÈí¢Áê¥Âü∫Á°ÄÊïôÁ®ã No68,20171201.0,20.0,2174.0,7.0,,1.0,https://www.youtube.com/watch?v=G0arFYjFKb4,https://www.youtube.com/channel/UCDxpW90bwh941_tu5_RojRQ,0,0,0,0,1,0,0,val,/data/scratch/acw630/PianoJudge/techniques/G0arFYjFKb4.wav,What is the primary piano technique used in this track?,Doublenotes
88,6MIKbwQ1PGQ,Ornaments,"Czerny - The Art of Finger Dexterity Op.740, Book III - No.22",20100107.0,115.0,44312.0,136.0,,5.0,https://www.youtube.com/watch?v=6MIKbwQ1PGQ,https://www.youtube.com/channel/UC-W45uERzWmlf5fPHIVUClg,0,0,1,0,0,0,0,val,/data/scratch/acw630/PianoJudge/techniques/6MIKbwQ1PGQ.wav,Which piano technique stands out the most in this composition?,Ornaments
21,YUcCcNROo4o,Arpeggios,Áê∂Èü≥Arpeggio 1 (CÂ§ßË™ø~dÂ∞èË™ø),20210724.0,50.0,4942.0,29.0,,0.0,https://www.youtube.com/watch?v=YUcCcNROo4o,https://www.youtube.com/channel/UCHnp2zMd9K6Flh012MP6EDA,0,1,0,0,0,0,0,val,/data/scratch/acw630/PianoJudge/techniques/YUcCcNROo4o.wav,What piano technique is most noticeable?,Arpeggios
57,aarUpTRqAdc,Octave,ÁéÑÁéÑÈãºÁê¥ÊºîÂ•è„ÄåÂ∏ÉÊãâÂßÜÂÖ´Â∫¶Èü≥„Äç,20131225.0,18.0,119.0,0.0,,0.0,https://www.youtube.com/watch?v=aarUpTRqAdc,https://www.youtube.com/channel/UCczZyfgBACN2dG0HuNEwRqg,0,0,0,0,0,1,0,val,/data/scratch/acw630/PianoJudge/techniques/aarUpTRqAdc.wav,What piano technique is most noticeable?,Octave
160,VFAUWbTgXr8,Scales,ÊúüÊú´ÈãºÁê¥Èü≥Èöé,20190414.0,43.0,32.0,0.0,,0.0,https://www.youtube.com/watch?v=VFAUWbTgXr8,https://www.youtube.com/channel/UCpImFaoGJNtTeMj84h3hygg,1,0,0,0,0,0,0,val,/data/scratch/acw630/PianoJudge/techniques/VFAUWbTgXr8.wav,Which piano technique stands out the most in this composition?,Scales
214,Repeatednotes_2,Repeatednotes,Repeatednotes_2.wav,,20.52265306122449,,,,,,,0,0,0,1,0,0,0,val,/data/scratch/acw630/PianoJudge/techniques/Repeatednotes_2.wav,What piano technique is most noticeable?,Repeatednotes
187,Arpeggios_eb_minor,Arpeggios,Arpeggios_eb_minor.wav,,11.989319727891155,,,,,,,0,1,0,0,0,0,0,val,/data/scratch/acw630/PianoJudge/techniques/Arpeggios_eb_minor.wav,What is the primary piano technique used in this track?,Arpeggios
191,Arpeggios_eb_major,Arpeggios,Arpeggios_eb_major.wav,,21.29124716553288,,,,,,,0,1,0,0,0,0,0,val,/data/scratch/acw630/PianoJudge/techniques/Arpeggios_eb_major.wav,Can you identify the dominant piano technique in this track?,Arpeggios
129,9gYLJSFdNKw,Scales,Chromatic scale on C (hands separate) #chromatic #scales #practicingpiano #practice #pianomusic,20240211.0,28.0,63.0,1.0,,0.0,https://www.youtube.com/watch?v=9gYLJSFdNKw,https://www.youtube.com/channel/UCkdJNU5qf-10UM4QjQWoIXA,1,0,0,0,0,0,0,val,/data/scratch/acw630/PianoJudge/techniques/9gYLJSFdNKw.wav,What is the most prominent piano technique employed in this track?,Scales
37,tHoVTbZEab8,Doublenotes,B√©la Bart√≥k - Mikrokosmos Book 3 - No. 67 - Thirds against a Single Voice,20230806.0,35.0,89.0,3.0,,0.0,https://www.youtube.com/watch?v=tHoVTbZEab8,https://www.youtube.com/channel/UCYMo7tAr2TkkvfR5f5Uyr3w,0,0,0,0,1,0,0,val,/data/scratch/acw630/PianoJudge/techniques/tHoVTbZEab8.wav,Which piano technique stands out the most in this composition?,Doublenotes
157,2nRGtXQi1ys,Scales,Week 1: Scales (C-F) [120-132 bpm],20200917.0,172.0,124.0,2.0,,0.0,https://www.youtube.com/watch?v=2nRGtXQi1ys,https://www.youtube.com/channel/UCNrfNue6QWutjqgc2dzOL1Q,1,0,0,0,0,0,0,val,/data/scratch/acw630/PianoJudge/techniques/2nRGtXQi1ys.wav,What is the primary piano technique used in this track?,Scales
208,Octave_2,Octave,Octave_2.wav,,47.59467120181406,,,,,,,0,0,0,0,0,1,0,val,/data/scratch/acw630/PianoJudge/techniques/Octave_2.wav,Can you identify the dominant piano technique in this track?,Octave
1,3iqZOeqZ0GY_cut,Arpeggios,27.01.23Áê∂Èü≥ÁªÉ‰π†T=85,20230128.0,3016.0,7.0,0.0,,0.0,https://www.youtube.com/watch?v=3iqZOeqZ0GY,https://www.youtube.com/channel/UC_CUw084uG1LRo-doLhC1UA,0,1,0,0,0,0,0,val,/data/scratch/acw630/PianoJudge/techniques/3iqZOeqZ0GY_cut.wav,What piano technique is most noticeable?,Arpeggios
52,mumalDzmPi0,Doublenotes,Czerny Etude op. 299 No. 38 G Major [Denis Zhdanov],20230802.0,81.0,4055.0,182.0,,33.0,https://www.youtube.com/watch?v=mumalDzmPi0,https://www.youtube.com/channel/UCCtWlohLxXq6bp2Ba2Jg-2Q,0,0,0,0,1,0,0,val,/data/scratch/acw630/PianoJudge/techniques/mumalDzmPi0.wav,What is the primary piano technique used in this track?,Doublenotes
149,Okp8b6PrefA,Scales,ÈãºÁê¥Á∑¥ÁøíÔºöÈôçDÂ§ßË™øÈü≥Èöé„ÄÇdaily piano practice : D-flat major. Before practicing. #littlepianist #ÂÖíÁ´•ÈãºÁê¥,20221030.0,25.0,102.0,2.0,,,https://www.youtube.com/watch?v=Okp8b6PrefA,https://www.youtube.com/channel/UCSFSVE96daovd8dsKQ-1D7g,1,0,0,0,0,0,0,val,/data/scratch/acw630/PianoJudge/techniques/Okp8b6PrefA.wav,What is the primary piano technique used in this track?,Scales
130,kKaNutM8_Nc,Scales,Â∑¥ÊñØËíÇÂÆâÈí¢Áê¥ÊïôÁ®ã„ÄêÁ¨¨‰∫îÂ•óÊäÄÂ∑ßÂàÜÂÜå„Äë24 ÈôçBÂ§ßË∞ÉÈü≥Èò∂ÁªÉ‰π†,20180120.0,25.0,56.0,0.0,,0.0,https://www.youtube.com/watch?v=kKaNutM8_Nc,https://www.youtube.com/channel/UCDxpW90bwh941_tu5_RojRQ,1,0,0,0,0,0,0,val,/data/scratch/acw630/PianoJudge/techniques/kKaNutM8_Nc.wav,What piano technique is most noticeable?,Scales
151,GmAxDLJW5-U,Scales,30Â§©Â≠¶Èí¢Áê¥ Á¨¨30Â§© gÂíåÂ£∞Â∞èË∞ÉÈü≥Èò∂,20211201.0,13.0,19.0,1.0,,,https://www.youtube.com/watch?v=GmAxDLJW5-U,https://www.youtube.com/channel/UCpZoSVbZo_-TniqSvWJ1C7Q,1,0,0,0,0,0,0,val,/data/scratch/acw630/PianoJudge/techniques/GmAxDLJW5-U.wav,What is the most prominent piano technique employed in this track?,Scales
103,PAKtfkh0C1M_cut1,Repeatednotes,Great Pianists' Technique: Repeated Notes,20110829.0,924.0,97505.0,763.0,,77.0,https://www.youtube.com/watch?v=PAKtfkh0C1M,https://www.youtube.com/channel/UCOMf9cfYumvUhav6gzL4ERg,0,0,0,1,0,0,0,val,/data/scratch/acw630/PianoJudge/techniques/PAKtfkh0C1M_cut1.wav,Can you identify the dominant piano technique in this track?,Repeatednotes
99,SSjOS2EdmGE,Ornaments,"Carl Czerny, Op. 599, No. 76 by Landon Chan",20230731.0,32.0,745.0,5.0,,0.0,https://www.youtube.com/watch?v=SSjOS2EdmGE,https://www.youtube.com/channel/UCyafidY5fBUMb71zSARD-ZQ,0,0,1,0,0,0,0,val,/data/scratch/acw630/PianoJudge/techniques/SSjOS2EdmGE.wav,What piano technique is most noticeable?,Ornaments
116,GJ4qCMacMlA_cut1,Repeatednotes,"Burgm√ºller: The Return, Op. 100 No. 23 | Cory Hall, pianist-composer",20130704.0,80.0,75094.0,817.0,,38.0,https://www.youtube.com/watch?v=GJ4qCMacMlA,https://www.youtube.com/channel/UCuHRjYQVbZ1r48LL8MODEtw,0,0,0,1,0,0,0,val,/data/scratch/acw630/PianoJudge/techniques/GJ4qCMacMlA_cut1.wav,Which piano technique stands out the most in this composition?,Repeatednotes
87,2yt9NdixgoU,Ornaments|Arpeggio,ÊãúÁàæ NO 100 Ê≤≥ÂêàÊãúÁàæ‰∏ãÂÜä,20211005.0,63.0,1486.0,8.0,,0.0,https://www.youtube.com/watch?v=2yt9NdixgoU,https://www.youtube.com/channel/UCAJ8qdINIVVOwNAcHRp6T6Q,0,0,1,0,0,0,0,val,/data/scratch/acw630/PianoJudge/techniques/2yt9NdixgoU.wav,What is the most prominent piano technique employed in this track?,Ornaments
202,Doublenotes_3,Doublenotes,Doublenotes_3.wav,,16.704013605442178,,,,,,,0,0,0,0,1,0,0,val,/data/scratch/acw630/PianoJudge/techniques/Doublenotes_3.wav,What is the most prominent piano technique employed in this track?,Doublenotes
74,wjaG3ZVKnR0,Ornaments,"Hanon - The Tremolo, No.60 from 'The Virtuoso Pianist'",20220901.0,171.0,117947.0,2960.0,,175.0,https://www.youtube.com/watch?v=wjaG3ZVKnR0,https://www.youtube.com/channel/UCov9g-6I0fq192P4n1W4obw,0,0,1,0,0,0,0,val,/data/scratch/acw630/PianoJudge/techniques/wjaG3ZVKnR0.wav,What is the most prominent piano technique employed in this track?,Ornaments
210,Octave_ravel_2,Octave,Octave_ravel_2.wav,,23.89333333333333,,,,,,,0,0,0,0,0,1,0,val,/data/scratch/acw630/PianoJudge/techniques/Octave_ravel_2.wav,What is the primary piano technique used in this track?,Octave
121,w2QcWiTfMzE_cut,Repeatednotes|Staccato,Mendelssohn - Scherzo op.16 n¬∞2 - Gilels,20121212.0,142.0,7803.0,107.0,,0.0,https://www.youtube.com/watch?v=w2QcWiTfMzE,https://www.youtube.com/channel/UCJ-YjzpJxteFS5-TUoBIWYQ,0,0,0,1,0,0,1,val,/data/scratch/acw630/PianoJudge/techniques/w2QcWiTfMzE_cut.wav,What is the primary piano technique used in this track?,Repeatednotes
221,Octave|Doublenotes_1,Octave|Doublenotes,Octave|Doublenotes_1.wav,,14.933333333333334,,,,,,,0,0,0,0,1,1,0,val,/data/scratch/acw630/PianoJudge/techniques/Octave|Doublenotes_1.wav,Which piano technique stands out the most in this composition?,Octave
20,9WgnouU8Cbc_cut,Arpeggios,"Mikrokosmos: No. 143 Divided Arpeggios, No. 147 March",20160125.0,241.0,2439.0,16.0,,,https://www.youtube.com/watch?v=9WgnouU8Cbc,https://www.youtube.com/channel/UCKQ74qpdMORsgW4ZfmbdF2w,0,1,0,0,0,0,0,val,/data/scratch/acw630/PianoJudge/techniques/9WgnouU8Cbc_cut.wav,What piano technique is most noticeable?,Arpeggios
188,Octave|Arpeggios_franck_1,Octave|Arpeggios,Octave|Arpeggios_franck_1.wav,,23.1680045351474,,,,,,,0,1,0,0,0,1,0,val,/data/scratch/acw630/PianoJudge/techniques/Octave|Arpeggios_franck_1.wav,What piano technique is most noticeable?,Octave
71,bPxQ-T4ysyo,Octave,Piano Practice - Chopin √âtude Op. 25 No. 10 - Slow-Medium Speed (1) - 9/25/23 #pianolessonsonline,20230929.0,28.0,334.0,13.0,,1.0,https://www.youtube.com/watch?v=bPxQ-T4ysyo,https://www.youtube.com/channel/UCrxmsZQAWgO3KFlPf6OYqdA,0,0,0,0,0,1,0,val,/data/scratch/acw630/PianoJudge/techniques/bPxQ-T4ysyo.wav,Can you identify the dominant piano technique in this track?,Octave
106,PAKtfkh0C1M_cut4,Repeatednotes,Great Pianists' Technique: Repeated Notes,20110829.0,924.0,97505.0,763.0,,77.0,https://www.youtube.com/watch?v=PAKtfkh0C1M,https://www.youtube.com/channel/UCOMf9cfYumvUhav6gzL4ERg,0,0,0,1,0,0,0,val,/data/scratch/acw630/PianoJudge/techniques/PAKtfkh0C1M_cut4.wav,Can you identify the dominant piano technique in this track?,Repeatednotes
14,3TVN_pBzzy4,Arpeggios,Áê∂Èü≥ÊöñË∫´Á∑¥Áøí - Arpeggio in 2 octaves #shorts,20210531.0,51.0,197.0,4.0,,0.0,https://www.youtube.com/watch?v=3TVN_pBzzy4,https://www.youtube.com/channel/UCmFiudnTKAAN2b-CgpVWrQA,0,1,0,0,0,0,0,val,/data/scratch/acw630/PianoJudge/techniques/3TVN_pBzzy4.wav,Which piano technique stands out the most in this composition?,Arpeggios
92,U7bpgJOVuoE_cut,Ornaments,Day 16 - Single-Note Ornament Workout | 30 Day Jazz-Blues Piano Challenge,20210119.0,143.0,8277.0,260.0,,11.0,https://www.youtube.com/watch?v=U7bpgJOVuoE,https://www.youtube.com/channel/UCTDdpdDeS0Et3LJ5gBbPLfQ,0,0,1,0,0,0,0,val,/data/scratch/acw630/PianoJudge/techniques/U7bpgJOVuoE_cut.wav,Can you identify the dominant piano technique in this track?,Ornaments
179,UGA9cr9805A_cut,Staccato,"Bartok:   MikroKosmos no. 152   -   Dance in Bulgarian Rhythm no. 5   -   Bela Bartok, piano",20220413.0,75.0,300.0,5.0,,0.0,https://www.youtube.com/watch?v=UGA9cr9805A,https://www.youtube.com/channel/UCyYkoBNCzeEtd_fXs84TeNQ,0,0,0,0,0,0,1,val,/data/scratch/acw630/PianoJudge/techniques/UGA9cr9805A_cut.wav,What is the primary piano technique used in this track?,Staccato
102,JQGCecX2d_Q_cut2,Ornaments,scarlatti sonata A major K24 - L495,20110324.0,294.0,95449.0,643.0,,33.0,https://www.youtube.com/watch?v=JQGCecX2d_Q,https://www.youtube.com/channel/UCx5HbfNJV2LZwXSbzXrxHaw,0,0,1,0,0,0,0,val,/data/scratch/acw630/PianoJudge/techniques/JQGCecX2d_Q_cut2.wav,What is the primary piano technique used in this track?,Ornaments
